subgroup_field,subgroup_value,images,tumor_images,normal_images,main_population,mean_tumor_dice,mean_tumor_iou,mean_tumor_precision,mean_tumor_recall,mean_tumor_hd95_px_conditional_defined,mean_tumor_assd_px_conditional_defined,boundary_metric_definition,boundary_metric_eligible_tumor_images,boundary_metric_excluded_tumor_images,boundary_metric_complete_misses,tumor_non_empty_prediction_rate,tumor_overlap_detection_rate,lesion_any_overlap_recall,lesion_any_overlap_precision,gt_lesions,detected_lesions_any_overlap,predicted_lesions,multifocal_tumor_images,multifocal_tumor_image_rate,gt_component_count_histogram,normal_empty_prediction_rate,normal_false_positive_case_rate,pixel_specificity,pixel_precision,pixel_recall,tp_pixels,fp_pixels,fn_pixels,tn_pixels,lesion_one_to_one_iou10_recall,lesion_one_to_one_iou10_precision,lesion_one_to_one_iou10_f1,lesion_tp_one_to_one_iou10,lesion_one_to_one_iou25_recall,lesion_one_to_one_iou25_precision,lesion_one_to_one_iou25_f1,lesion_tp_one_to_one_iou25,lesion_one_to_one_iou50_recall,lesion_one_to_one_iou50_precision,lesion_one_to_one_iou50_f1,lesion_tp_one_to_one_iou50,lesion_matching_definition
lesion_size,large_ge_5pct,18,18,0,tumor images only,0.6407446633600085,0.5191567485319504,0.7585397821810935,0.6205596601609631,107.12122357500056,36.147714939682686,conditional mean over tumor images with both GT and prediction non-empty; distances are pixels on the resized evaluation grid (not mm); complete misses are excluded and counted separately,18,0,0,1.0,0.9444444444444444,0.9,0.8235294117647058,40,36,51,7,0.3888888888888889,"{'1': 11, '2': 1, '5': 1, '4': 3, '7': 1, '3': 1}",,,0.9801345044165606,0.7909512226014829,0.6538346922393357,243541,64368,128940,3175823,0.75,0.5882352941176471,0.6593406593406593,30,0.675,0.5294117647058824,0.5934065934065934,27,0.55,0.43137254901960786,0.4835164835164835,22,"maximum-cardinality one-to-one connected-component matching at IoU thresholds 0.10, 0.25, 0.50"
lesion_size,medium_1_to_5pct,72,72,0,tumor images only,0.5971946582631286,0.4709645065970446,0.5862303966838708,0.703703916573933,82.50747741694049,25.155044183424664,conditional mean over tumor images with both GT and prediction non-empty; distances are pixels on the resized evaluation grid (not mm); complete misses are excluded and counted separately,71,1,1,0.9861111111111112,0.9166666666666666,0.8902439024390244,0.6610169491525424,82,73,118,7,0.09722222222222222,"{'1': 65, '3': 3, '2': 4}",,,0.9883745304647451,0.6037881314559437,0.715881803437466,249827,163939,99151,13937771,0.8536585365853658,0.5932203389830508,0.7,70,0.7804878048780488,0.5423728813559322,0.64,64,0.5609756097560976,0.3898305084745763,0.46,46,"maximum-cardinality one-to-one connected-component matching at IoU thresholds 0.10, 0.25, 0.50"
lesion_size,normal,187,0,187,tumor images only,,,,,,,conditional mean over tumor images with both GT and prediction non-empty; distances are pixels on the resized evaluation grid (not mm); complete misses are excluded and counted separately,0,0,0,0.0,0.0,0.0,0.0,0,0,144,0,0.0,{},0.47593582887700536,0.5240641711229946,0.9978806153143075,0.0,,0,79544,0,37452104,0.0,0.0,0.0,0,0.0,0.0,0.0,0,0.0,0.0,0.0,0,"maximum-cardinality one-to-one connected-component matching at IoU thresholds 0.10, 0.25, 0.50"
lesion_size,small_lt_1pct,94,94,0,tumor images only,0.2342874864898389,0.1616518516515943,0.20837838005593043,0.5019159969795426,107.76633130052929,58.986148382254925,conditional mean over tumor images with both GT and prediction non-empty; distances are pixels on the resized evaluation grid (not mm); complete misses are excluded and counted separately,82,12,12,0.8723404255319149,0.6276595744680851,0.6,0.42105263157894735,105,63,152,8,0.0851063829787234,"{'2': 6, '1': 86, '3': 1, '4': 1}",,,0.9959032727622595,0.16454791553871143,0.45917689007070767,15196,77154,17898,18755928,0.5333333333333333,0.3684210526315789,0.4357976653696498,56,0.38095238095238093,0.2631578947368421,0.311284046692607,40,0.12380952380952381,0.08552631578947369,0.10116731517509728,13,"maximum-cardinality one-to-one connected-component matching at IoU thresholds 0.10, 0.25, 0.50"
center,1,296,131,165,tumor images only,0.35280956560289506,0.26302509024638376,0.3371702002972831,0.5654010967570772,101.65639933965235,49.076331298969926,conditional mean over tumor images with both GT and prediction non-empty; distances are pixels on the resized evaluation grid (not mm); complete misses are excluded and counted separately,120,11,11,0.916030534351145,0.7251908396946565,0.6883116883116883,0.32664756446991405,154,106,349,14,0.10687022900763359,"{'1': 117, '2': 9, '3': 2, '4': 2, '5': 1}",0.4727272727272727,0.5272727272727272,0.9957091929094732,0.4866430001377846,0.6623259867187328,240170,253354,122446,58792414,0.6168831168831169,0.2722063037249284,0.37773359840954274,95,0.5064935064935064,0.22349570200573066,0.3101391650099404,78,0.2792207792207792,0.12320916905444126,0.1709741550695825,43,"maximum-cardinality one-to-one connected-component matching at IoU thresholds 0.10, 0.25, 0.50"
center,2,47,31,16,tumor images only,0.5883182837375219,0.4608673980798759,0.5929964303336999,0.6801011717482136,83.43426000667037,25.780318931163485,conditional mean over tumor images with both GT and prediction non-empty; distances are pixels on the resized evaluation grid (not mm); complete misses are excluded and counted separately,30,1,1,0.967741935483871,0.9032258064516129,0.9302325581395349,0.6212121212121212,43,40,66,4,0.12903225806451613,"{'1': 27, '7': 1, '4': 1, '3': 1, '2': 1}",0.5625,0.4375,0.9904099350388275,0.650402641518398,0.7287276985725312,164280,88302,61154,9119352,0.8372093023255814,0.5454545454545454,0.6605504587155964,36,0.7209302325581395,0.4696969696969697,0.5688073394495413,31,0.5116279069767442,0.3333333333333333,0.4036697247706422,22,"maximum-cardinality one-to-one connected-component matching at IoU thresholds 0.10, 0.25, 0.50"
center,3,28,22,6,tumor images only,0.5499328716194476,0.44119835641180655,0.5862584902939575,0.6302808905875357,91.48839841132349,29.09342140338324,conditional mean over tumor images with both GT and prediction non-empty; distances are pixels on the resized evaluation grid (not mm); complete misses are excluded and counted separately,21,1,1,0.9545454545454546,0.8636363636363636,0.8666666666666667,0.58,30,26,50,4,0.18181818181818182,"{'1': 18, '4': 1, '3': 2, '2': 1}",0.3333333333333333,0.6666666666666666,0.9920507356310752,0.7060347341366987,0.6252980426779097,104114,43349,62389,5409860,0.8333333333333334,0.5,0.625,25,0.7333333333333333,0.44,0.55,22,0.5333333333333333,0.32,0.4,16,"maximum-cardinality one-to-one connected-component matching at IoU thresholds 0.10, 0.25, 0.50"
anatomy,ankle-joint,1,1,0,tumor images only,0.014913276057707894,0.0075126571941858565,1.0,0.0075126571941858565,95.38970121194063,51.45967930596065,conditional mean over tumor images with both GT and prediction non-empty; distances are pixels on the resized evaluation grid (not mm); complete misses are excluded and counted separately,1,0,0,1.0,1.0,1.0,1.0,1,1,1,0,0.0,{'1': 1},,,1.0,1.0,0.0075126571941858565,46,0,6077,194581,0.0,0.0,0.0,0,0.0,0.0,0.0,0,0.0,0.0,0.0,0,"maximum-cardinality one-to-one connected-component matching at IoU thresholds 0.10, 0.25, 0.50"
anatomy,femur,48,48,0,tumor images only,0.4886251640574713,0.3756417599674366,0.46869543504241234,0.6488239351896884,104.66508385232297,36.69093024958375,conditional mean over tumor images with both GT and prediction non-empty; distances are pixels on the resized evaluation grid (not mm); complete misses are excluded and counted separately,43,5,5,0.8958333333333334,0.8125,0.82,0.6,50,41,80,2,0.041666666666666664,"{'1': 46, '2': 2}",,,0.9908295556414712,0.607897545357524,0.6115720603823239,133856,86339,85016,9328581,0.76,0.475,0.5846153846153846,38,0.72,0.45,0.5538461538461539,36,0.44,0.275,0.3384615384615385,22,"maximum-cardinality one-to-one connected-component matching at IoU thresholds 0.10, 0.25, 0.50"
anatomy,fibula,12,12,0,tumor images only,0.1733816914914527,0.11268002587943982,0.1951139383926411,0.3101164336549216,86.30267926169373,44.128565342888905,conditional mean over tumor images with both GT and prediction non-empty; distances are pixels on the resized evaluation grid (not mm); complete misses are excluded and counted separately,10,2,2,0.8333333333333334,0.5,0.46153846153846156,0.3157894736842105,13,6,19,1,0.08333333333333333,"{'1': 11, '2': 1}",,,0.9984138763563999,0.14659803043867503,0.14640143048725973,655,3813,3819,2400161,0.38461538461538464,0.2631578947368421,0.3125,5,0.3076923076923077,0.21052631578947367,0.25,4,0.07692307692307693,0.05263157894736842,0.0625,1,"maximum-cardinality one-to-one connected-component matching at IoU thresholds 0.10, 0.25, 0.50"
anatomy,foot,7,7,0,tumor images only,0.027039437839823568,0.01427087372598582,0.07496067903243302,0.02537002884569915,127.63535238308823,89.13332424032956,conditional mean over tumor images with both GT and prediction non-empty; distances are pixels on the resized evaluation grid (not mm); complete misses are excluded and counted separately,5,2,2,0.7142857142857143,0.2857142857142857,0.25,0.3333333333333333,8,2,6,1,0.14285714285714285,"{'1': 6, '2': 1}",,,0.9968396578284741,0.009628302731751007,0.007968865826538177,43,4423,5353,1395109,0.25,0.3333333333333333,0.2857142857142857,2,0.125,0.16666666666666666,0.14285714285714285,1,0.0,0.0,0.0,0,"maximum-cardinality one-to-one connected-component matching at IoU thresholds 0.10, 0.25, 0.50"
anatomy,foot|tibia|fibula,1,1,0,tumor images only,0.595292331055429,0.4237837837837838,0.4260869565217391,0.9874055415617129,32.98318977944888,9.09544710352442,conditional mean over tumor images with both GT and prediction non-empty; distances are pixels on the resized evaluation grid (not mm); complete misses are excluded and counted separately,1,0,0,1.0,1.0,1.0,0.5,1,1,2,0,0.0,{'1': 1},,,0.9947176229303186,0.4260869565217391,0.9874055415617129,784,1056,10,198854,1.0,0.5,0.6666666666666666,1,1.0,0.5,0.6666666666666666,1,0.0,0.0,0.0,0,"maximum-cardinality one-to-one connected-component matching at IoU thresholds 0.10, 0.25, 0.50"
anatomy,hand,8,8,0,tumor images only,0.21733252093532138,0.1681339873981111,0.1836573233967048,0.295497875188143,128.21214103640605,86.98910065354195,conditional mean over tumor images with both GT and prediction non-empty; distances are pixels on the resized evaluation grid (not mm); complete misses are excluded and counted separately,7,1,1,0.875,0.375,0.375,0.21428571428571427,8,3,14,0,0.0,{'1': 8},,,0.9889197042982764,0.4743443898934259,0.7571558274000095,15845,17559,5082,1567146,0.375,0.21428571428571427,0.2727272727272727,3,0.25,0.14285714285714285,0.18181818181818182,2,0.25,0.14285714285714285,0.18181818181818182,2,"maximum-cardinality one-to-one connected-component matching at IoU thresholds 0.10, 0.25, 0.50"
anatomy,hip bone,10,10,0,tumor images only,0.37285815379273135,0.30377968694804386,0.39643724198816743,0.3644447210143915,151.4997929275862,86.70685815585225,conditional mean over tumor images with both GT and prediction non-empty; distances are pixels on the resized evaluation grid (not mm); complete misses are excluded and counted separately,10,0,0,1.0,0.6,0.6,0.2727272727272727,10,6,22,0,0.0,{'1': 10},,,0.9899164458176574,0.6684032211382944,0.5201446760025967,39260,19477,36219,1912084,0.5,0.22727272727272727,0.3125,5,0.5,0.22727272727272727,0.3125,5,0.4,0.18181818181818182,0.25,4,"maximum-cardinality one-to-one connected-component matching at IoU thresholds 0.10, 0.25, 0.50"
anatomy,hip-joint,2,2,0,tumor images only,0.7970022040168583,0.6644394261669335,0.8307169714821488,0.7842357987289286,159.5587885359554,21.50336412192114,conditional mean over tumor images with both GT and prediction non-empty; distances are pixels on the resized evaluation grid (not mm); complete misses are excluded and counted separately,2,0,0,1.0,1.0,1.0,0.6666666666666666,2,2,3,0,0.0,{'1': 2},,,0.9891073928404773,0.8303923603902844,0.7580639047871736,20000,4085,6383,370940,1.0,0.6666666666666666,0.8,2,1.0,0.6666666666666666,0.8,2,1.0,0.6666666666666666,0.8,2,"maximum-cardinality one-to-one connected-component matching at IoU thresholds 0.10, 0.25, 0.50"
anatomy,humerus,25,25,0,tumor images only,0.5773191391455308,0.47116294487453536,0.5027716828900946,0.7365772703722603,62.389259201710296,25.041265866264272,conditional mean over tumor images with both GT and prediction non-empty; distances are pixels on the resized evaluation grid (not mm); complete misses are excluded and counted separately,24,1,1,0.96,0.8,0.8,0.6666666666666666,25,20,30,0,0.0,{'1': 25},,,0.9904720425587912,0.6261743952013874,0.9185347694677511,78712,46991,6981,4884916,0.8,0.6666666666666666,0.7272727272727273,20,0.76,0.6333333333333333,0.6909090909090909,19,0.56,0.4666666666666667,0.509090909090909,14,"maximum-cardinality one-to-one connected-component matching at IoU thresholds 0.10, 0.25, 0.50"
anatomy,knee-joint,2,2,0,tumor images only,0.4298576033706204,0.31374894577536666,0.6811618206355048,0.43568483056561597,55.21950491566015,15.613764167144216,conditional mean over tumor images with both GT and prediction non-empty; distances are pixels on the resized evaluation grid (not mm); complete misses are excluded and counted separately,2,0,0,1.0,1.0,1.0,1.0,2,2,4,0,0.0,{'1': 2},,,0.9932447833564724,0.6524983344437042,0.31931403234220135,4897,2608,10439,383464,0.5,0.25,0.3333333333333333,1,0.5,0.25,0.3333333333333333,1,0.5,0.25,0.3333333333333333,1,"maximum-cardinality one-to-one connected-component matching at IoU thresholds 0.10, 0.25, 0.50"
anatomy,radius,7,7,0,tumor images only,0.38877250180480016,0.3030885075013004,0.33537241829038095,0.7914553535504971,68.81648573912265,30.42164794257261,conditional mean over tumor images with both GT and prediction non-empty; distances are pixels on the resized evaluation grid (not mm); complete misses are excluded and counted separately,6,1,1,0.8571428571428571,0.8571428571428571,0.8888888888888888,0.6153846153846154,9,8,13,1,0.14285714285714285,"{'1': 6, '3': 1}",,,0.9875895965594921,0.408101716988245,0.8971596474045054,11908,17271,1365,1374384,0.7777777777777778,0.5384615384615384,0.6363636363636364,7,0.7777777777777778,0.5384615384615384,0.6363636363636364,7,0.4444444444444444,0.3076923076923077,0.36363636363636365,4,"maximum-cardinality one-to-one connected-component matching at IoU thresholds 0.10, 0.25, 0.50"
anatomy,shoulder-joint,2,2,0,tumor images only,0.0,0.0,0.0,0.0,220.82819637396915,161.59172611521842,conditional mean over tumor images with both GT and prediction non-empty; distances are pixels on the resized evaluation grid (not mm); complete misses are excluded and counted separately,1,1,1,0.5,0.0,0.0,0.0,2,0,2,0,0.0,{'1': 2},,,0.9925576170332274,0.0,0.0,0,2968,2611,395829,0.0,0.0,0.0,0,0.0,0.0,0.0,0,0.0,0.0,0.0,0,"maximum-cardinality one-to-one connected-component matching at IoU thresholds 0.10, 0.25, 0.50"
anatomy,tibia,40,40,0,tumor images only,0.37507816260642735,0.26276571917239455,0.36199817992600397,0.700057689780644,91.2800072594047,40.453441186083765,conditional mean over tumor images with both GT and prediction non-empty; distances are pixels on the resized evaluation grid (not mm); complete misses are excluded and counted separately,40,0,0,1.0,0.925,0.8444444444444444,0.5652173913043478,45,38,69,4,0.1,"{'2': 3, '1': 36, '3': 1}",,,0.9964526342551753,0.3991731156577971,0.47426757689497945,18827,28338,20870,7960125,0.8,0.5217391304347826,0.631578947368421,36,0.5333333333333333,0.34782608695652173,0.42105263157894735,24,0.2,0.13043478260869565,0.15789473684210525,9,"maximum-cardinality one-to-one connected-component matching at IoU thresholds 0.10, 0.25, 0.50"
anatomy,tibia|femur,2,2,0,tumor images only,0.1843817787418655,0.11303191489361702,0.11707988980716254,0.4336734693877551,95.10301199133042,80.74074695265014,conditional mean over tumor images with both GT and prediction non-empty; distances are pixels on the resized evaluation grid (not mm); complete misses are excluded and counted separately,2,0,0,1.0,0.5,0.6666666666666666,0.6666666666666666,3,2,3,1,0.5,"{'1': 1, '2': 1}",,,0.9971681071478473,0.06967213114754098,0.137987012987013,85,1135,531,399657,0.6666666666666666,0.6666666666666666,0.6666666666666666,2,0.3333333333333333,0.3333333333333333,0.3333333333333333,1,0.0,0.0,0.0,0,"maximum-cardinality one-to-one connected-component matching at IoU thresholds 0.10, 0.25, 0.50"
anatomy,tibia|fibula,2,2,0,tumor images only,0.6679937713291725,0.5140341308195577,0.5376669974257331,0.9208254274108391,217.1361080999946,48.475867152526185,conditional mean over tumor images with both GT and prediction non-empty; distances are pixels on the resized evaluation grid (not mm); complete misses are excluded and counted separately,2,0,0,1.0,1.0,1.0,0.5,3,3,6,1,0.5,"{'1': 1, '2': 1}",,,0.9796528336590413,0.5357579996502885,0.92354064101276,9192,7965,761,383490,1.0,0.5,0.6666666666666666,3,1.0,0.5,0.6666666666666666,3,1.0,0.5,0.6666666666666666,3,"maximum-cardinality one-to-one connected-component matching at IoU thresholds 0.10, 0.25, 0.50"
anatomy,tibia|fibula|femur,11,11,0,tumor images only,0.6514971572864632,0.5099630911094363,0.6801454390983843,0.7386894562631743,79.58266238531729,18.30359801787054,conditional mean over tumor images with both GT and prediction non-empty; distances are pixels on the resized evaluation grid (not mm); complete misses are excluded and counted separately,11,0,0,1.0,1.0,0.8292682926829268,0.8780487804878049,41,34,41,11,1.0,"{'2': 2, '4': 4, '5': 1, '3': 3, '7': 1}",,,0.9715787321938101,0.7282454655265886,0.7767897452025748,153134,57144,44003,1953463,0.6829268292682927,0.6829268292682927,0.6829268292682927,28,0.5853658536585366,0.5853658536585366,0.5853658536585366,24,0.43902439024390244,0.43902439024390244,0.43902439024390244,18,"maximum-cardinality one-to-one connected-component matching at IoU thresholds 0.10, 0.25, 0.50"
anatomy,ulna,3,3,0,tumor images only,0.3638623974397956,0.2742452500927077,0.6384249594061703,0.287546954519166,48.139223769524214,26.958362474325835,conditional mean over tumor images with both GT and prediction non-empty; distances are pixels on the resized evaluation grid (not mm); complete misses are excluded and counted separately,3,0,0,1.0,0.6666666666666666,0.6666666666666666,0.6666666666666666,3,2,3,0,0.0,{'1': 3},,,0.9959794943697148,0.9019364767238063,0.6690236864635191,21099,2294,10438,568281,0.6666666666666666,0.6666666666666666,0.6666666666666666,2,0.3333333333333333,0.3333333333333333,0.3333333333333333,1,0.3333333333333333,0.3333333333333333,0.3333333333333333,1,"maximum-cardinality one-to-one connected-component matching at IoU thresholds 0.10, 0.25, 0.50"
anatomy,ulna|radius,1,1,0,tumor images only,0.17909238249594814,0.09835336003560302,0.09972924187725632,0.876984126984127,224.26271323294222,94.18969296451955,conditional mean over tumor images with both GT and prediction non-empty; distances are pixels on the resized evaluation grid (not mm); complete misses are excluded and counted separately,1,0,0,1.0,1.0,1.0,0.3333333333333333,1,1,3,0,0.0,{'1': 1},,,0.9900474926665735,0.09972924187725632,0.876984126984127,221,1995,31,198457,1.0,0.3333333333333333,0.5,1,0.0,0.0,0.0,0,0.0,0.0,0.0,0,"maximum-cardinality one-to-one connected-component matching at IoU thresholds 0.10, 0.25, 0.50"
anatomy,unknown,187,0,187,tumor images only,,,,,,,conditional mean over tumor images with both GT and prediction non-empty; distances are pixels on the resized evaluation grid (not mm); complete misses are excluded and counted separately,0,0,0,0.0,0.0,0.0,0.0,0,0,144,0,0.0,{},0.47593582887700536,0.5240641711229946,0.9978806153143075,0.0,,0,79544,0,37452104,0.0,0.0,0.0,0,0.0,0.0,0.0,0,0.0,0.0,0.0,0,"maximum-cardinality one-to-one connected-component matching at IoU thresholds 0.10, 0.25, 0.50"
view,frontal,231,132,99,tumor images only,0.41226826861079374,0.31318778630682276,0.39456240238173007,0.6093627448210729,103.49970744622034,45.85566123681069,conditional mean over tumor images with both GT and prediction non-empty; distances are pixels on the resized evaluation grid (not mm); complete misses are excluded and counted separately,125,7,7,0.946969696969697,0.7727272727272727,0.7664670658682635,0.41358024691358025,167,128,324,17,0.12878787878787878,"{'1': 115, '2': 9, '4': 4, '5': 1, '3': 2, '7': 1}",0.4444444444444444,0.5555555555555556,0.9942414297999256,0.5807859013597069,0.6935014640955227,365675,263946,161613,45571390,0.6826347305389222,0.35185185185185186,0.46435845213849286,114,0.5748502994011976,0.2962962962962963,0.3910386965376782,96,0.33532934131736525,0.1728395061728395,0.22810590631364563,56,"maximum-cardinality one-to-one connected-component matching at IoU thresholds 0.10, 0.25, 0.50"
view,lateral,112,41,71,tumor images only,0.3981204176807625,0.30897846091066394,0.4387114162569747,0.5172546353792967,88.59780631945003,37.686599516673255,conditional mean over tumor images with both GT and prediction non-empty; distances are pixels on the resized evaluation grid (not mm); complete misses are excluded and counted separately,36,5,5,0.8780487804878049,0.7317073170731707,0.6938775510204082,0.33636363636363636,49,34,110,5,0.12195121951219512,"{'1': 36, '3': 3, '2': 2}",0.5352112676056338,0.4647887323943662,0.9964327231391534,0.5834873916572835,0.6046859989905076,111414,79531,72837,22215066,0.6530612244897959,0.2909090909090909,0.4025157232704403,32,0.5510204081632653,0.24545454545454545,0.33962264150943394,27,0.40816326530612246,0.18181818181818182,0.25157232704402516,20,"maximum-cardinality one-to-one connected-component matching at IoU thresholds 0.10, 0.25, 0.50"
view,oblique,28,11,17,tumor images only,0.5283722258122036,0.40369411945221406,0.4891333804392282,0.6703215659422471,49.60676293184433,18.485593608076908,conditional mean over tumor images with both GT and prediction non-empty; distances are pixels on the resized evaluation grid (not mm); complete misses are excluded and counted separately,10,1,1,0.9090909090909091,0.9090909090909091,0.9090909090909091,0.41935483870967744,11,10,31,0,0.0,{'1': 11},0.4117647058823529,0.5882352941176471,0.9925532994614376,0.4311466652055395,0.7317385037429674,31475,41528,11539,5535170,0.9090909090909091,0.3225806451612903,0.47619047619047616,10,0.7272727272727273,0.25806451612903225,0.38095238095238093,8,0.45454545454545453,0.16129032258064516,0.23809523809523808,5,"maximum-cardinality one-to-one connected-component matching at IoU thresholds 0.10, 0.25, 0.50"
tumor_type_name,giant cell tumor,9,9,0,tumor images only,0.49529493047906104,0.39767812759226756,0.5416355879901569,0.5284476594759245,102.97065306604223,41.08607423115817,conditional mean over tumor images with both GT and prediction non-empty; distances are pixels on the resized evaluation grid (not mm); complete misses are excluded and counted separately,9,0,0,1.0,0.7777777777777778,0.7777777777777778,0.5333333333333333,9,7,15,0,0.0,{'1': 9},,,0.9914649521798049,0.7539260069979935,0.6711544139356362,45464,14839,22276,1723757,0.7777777777777778,0.4666666666666667,0.5833333333333334,7,0.5555555555555556,0.3333333333333333,0.4166666666666667,5,0.5555555555555556,0.3333333333333333,0.4166666666666667,5,"maximum-cardinality one-to-one connected-component matching at IoU thresholds 0.10, 0.25, 0.50"
tumor_type_name,multiple osteochondromas,26,26,0,tumor images only,0.604762570324719,0.46923124767474433,0.5993962331570588,0.7277462932913401,97.0742147923566,25.10390132200001,conditional mean over tumor images with both GT and prediction non-empty; distances are pixels on the resized evaluation grid (not mm); complete misses are excluded and counted separately,26,0,0,1.0,1.0,0.8571428571428571,0.7808219178082192,63,54,73,16,0.6153846153846154,"{'3': 5, '1': 10, '2': 5, '4': 4, '5': 1, '7': 1}",,,0.9817587173958857,0.7071863279890447,0.7673040544355977,217411,90020,65933,4844940,0.746031746031746,0.6438356164383562,0.6911764705882353,47,0.6349206349206349,0.547945205479452,0.5882352941176471,40,0.4603174603174603,0.3972602739726027,0.4264705882352941,29,"maximum-cardinality one-to-one connected-component matching at IoU thresholds 0.10, 0.25, 0.50"
tumor_type_name,normal,187,0,187,tumor images only,,,,,,,conditional mean over tumor images with both GT and prediction non-empty; distances are pixels on the resized evaluation grid (not mm); complete misses are excluded and counted separately,0,0,0,0.0,0.0,0.0,0.0,0,0,144,0,0.0,{},0.47593582887700536,0.5240641711229946,0.9978806153143075,0.0,,0,79544,0,37452104,0.0,0.0,0.0,0,0.0,0.0,0.0,0,0.0,0.0,0.0,0,"maximum-cardinality one-to-one connected-component matching at IoU thresholds 0.10, 0.25, 0.50"
tumor_type_name,osteochondroma,75,75,0,tumor images only,0.2843965102262151,0.20031744170401025,0.25512672668482184,0.585527485918015,98.86023472121323,49.027657632232795,conditional mean over tumor images with both GT and prediction non-empty; distances are pixels on the resized evaluation grid (not mm); complete misses are excluded and counted separately,67,8,8,0.8933333333333333,0.7066666666666667,0.6790123456790124,0.4583333333333333,81,55,120,6,0.08,"{'2': 6, '1': 69}",,,0.995388675882655,0.24908087238495993,0.6109869646182495,22967,69240,14623,14945970,0.6419753086419753,0.43333333333333335,0.5174129353233831,52,0.4691358024691358,0.31666666666666665,0.3781094527363184,38,0.18518518518518517,0.125,0.14925373134328357,15,"maximum-cardinality one-to-one connected-component matching at IoU thresholds 0.10, 0.25, 0.50"
tumor_type_name,osteofibroma,4,4,0,tumor images only,0.28460308163633086,0.24379350402368305,0.26516713221121635,0.4758771929824561,77.02390585609577,50.09106636088522,conditional mean over tumor images with both GT and prediction non-empty; distances are pixels on the resized evaluation grid (not mm); complete misses are excluded and counted separately,4,0,0,1.0,0.5,0.5,0.3333333333333333,4,2,6,0,0.0,{'1': 4},,,0.9940613086584598,0.10763172698293644,0.3928815879534565,574,4759,887,796596,0.5,0.3333333333333333,0.4,2,0.25,0.16666666666666666,0.2,1,0.25,0.16666666666666666,0.2,1,"maximum-cardinality one-to-one connected-component matching at IoU thresholds 0.10, 0.25, 0.50"
tumor_type_name,osteosarcoma,30,30,0,tumor images only,0.6228095115611214,0.5022911908871488,0.6035673541520828,0.7082475608203637,62.13227542049286,27.94473346984198,conditional mean over tumor images with both GT and prediction non-empty; distances are pixels on the resized evaluation grid (not mm); complete misses are excluded and counted separately,30,0,0,1.0,0.9,0.9,0.7209302325581395,30,27,43,0,0.0,{'1': 30},,,0.9882468051985477,0.6706065904765585,0.6338306595202658,138833,68193,80205,5733889,0.8333333333333334,0.5813953488372093,0.684931506849315,25,0.8333333333333334,0.5813953488372093,0.684931506849315,25,0.6666666666666666,0.46511627906976744,0.547945205479452,20,"maximum-cardinality one-to-one connected-component matching at IoU thresholds 0.10, 0.25, 0.50"
tumor_type_name,other bt,11,11,0,tumor images only,0.19842572088504803,0.1366875203910548,0.2315867855844954,0.19993543417869628,173.7355345748009,97.99681842055074,conditional mean over tumor images with both GT and prediction non-empty; distances are pixels on the resized evaluation grid (not mm); complete misses are excluded and counted separately,10,1,1,0.9090909090909091,0.36363636363636365,0.36363636363636365,0.18181818181818182,11,4,22,0,0.0,{'1': 11},,,0.9938507794019197,0.34403087143415395,0.2948095437421515,7043,13429,16847,2170425,0.36363636363636365,0.18181818181818182,0.24242424242424243,4,0.36363636363636365,0.18181818181818182,0.24242424242424243,4,0.0,0.0,0.0,0,"maximum-cardinality one-to-one connected-component matching at IoU thresholds 0.10, 0.25, 0.50"
tumor_type_name,other mt,4,4,0,tumor images only,0.6703087254310718,0.5247318371619256,0.6530845845559408,0.7739492465182887,118.38050778366551,26.799880862169353,conditional mean over tumor images with both GT and prediction non-empty; distances are pixels on the resized evaluation grid (not mm); complete misses are excluded and counted separately,4,0,0,1.0,1.0,1.0,0.5,4,4,8,0,0.0,{'1': 4},,,0.9892173411201708,0.6247167044394081,0.7167329458550016,14058,8445,5556,774757,1.0,0.5,0.6666666666666666,4,1.0,0.5,0.6666666666666666,4,0.5,0.25,0.3333333333333333,2,"maximum-cardinality one-to-one connected-component matching at IoU thresholds 0.10, 0.25, 0.50"
tumor_type_name,simple bone cyst,20,20,0,tumor images only,0.39439876000392254,0.301816353570018,0.3752552896551699,0.5265744656612708,102.5539592526398,44.664631024577815,conditional mean over tumor images with both GT and prediction non-empty; distances are pixels on the resized evaluation grid (not mm); complete misses are excluded and counted separately,16,4,4,0.8,0.7,0.7,0.6153846153846154,20,14,26,0,0.0,{'1': 20},,,0.9924639764285567,0.5553386774741484,0.6897694044490505,37271,29843,16763,3930203,0.6,0.46153846153846156,0.5217391304347826,12,0.55,0.4230769230769231,0.4782608695652174,11,0.3,0.23076923076923078,0.2608695652173913,6,"maximum-cardinality one-to-one connected-component matching at IoU thresholds 0.10, 0.25, 0.50"
tumor_type_name,synovial osteochondroma,5,5,0,tumor images only,0.493726578166533,0.3927778802157572,0.8047515168470614,0.48947078315665493,104.98925762303433,25.138787176818276,conditional mean over tumor images with both GT and prediction non-empty; distances are pixels on the resized evaluation grid (not mm); complete misses are excluded and counted separately,5,0,0,1.0,1.0,1.0,0.875,5,5,8,0,0.0,{'1': 5},,,0.9929965950874667,0.7884372234163611,0.5213619831946825,24943,6693,22899,948985,0.6,0.375,0.46153846153846156,3,0.6,0.375,0.46153846153846156,3,0.6,0.375,0.46153846153846156,3,"maximum-cardinality one-to-one connected-component matching at IoU thresholds 0.10, 0.25, 0.50"
