image_id,group_id,size_group,gt_area_ratio,baseline_dice,primary_dice,delta_dice,baseline_area_ratio,primary_area_ratio,area_expansion,baseline_gt_area_ratio,primary_gt_area_ratio,baseline_source,primary_source,baseline_border_fraction,primary_border_fraction,tumor_probability,activation_mean,activation_std,bas_area_spearman,candidate_count
IMG000001.jpeg,btxrd-heuristic-000001,medium,0.038232421875,0.0,0.0,0.0,0.013349609375,0.0531640625,3.982443306510607,0.3491698595146871,1.3905491698595147,classifier448,layercam320,0.0,0.025716385011021307,0.4325726628303528,0.8159693479537964,0.3080269992351532,0.991032188509588,224
IMG000010.jpeg,btxrd-heuristic-000006,medium,0.0270703125,0.5935210809050953,0.6136986301369863,0.02017754923189108,0.032919921875,0.040654296875,1.234945120142391,1.216089466089466,1.5018037518037517,external_saliency,external_saliency,0.0,0.0,0.13625377416610718,0.5521786212921143,0.3875170052051544,0.920596674223533,135
IMG000017.jpeg,btxrd-heuristic-000009,medium,0.0460546875,0.5860619469026549,0.13508636246455272,-0.45097558443810215,0.0422265625,0.63580078125,15.056891766882515,0.9168787107718406,13.805343511450381,layercam320,external_saliency,0.0,0.21630878874450896,0.42311346530914307,0.5152183771133423,0.4240261912345886,0.9904635761589408,150
IMG000018.jpeg,btxrd-heuristic-000009,large,0.06125,0.8364141765114663,0.8364141765114663,0.0,0.07927734375,0.07927734375,1.0,1.2943239795918366,1.2943239795918366,external_saliency,external_saliency,0.0,0.0,0.16058304905891418,0.399609237909317,0.4099777638912201,0.9654565448891361,151
IMG000033.jpeg,btxrd-heuristic-000017,medium,0.015087890625,0.6993328732459168,0.19844861021331608,-0.5008842630326007,0.02736328125,0.135986328125,4.969664525339043,1.8135922330097087,9.01294498381877,classifier448,layercam320,0.0,0.008330341113105925,0.22015048563480377,0.4894748628139496,0.39728787541389465,0.912901180372647,135
IMG000034.jpeg,btxrd-heuristic-000017,medium,0.0124609375,0.6064516129032258,0.04026760918959859,-0.5661840037136272,0.028408203125,0.6064453125,21.34754211069096,2.279780564263323,48.66771159874608,layercam320,external_saliency,0.0,0.24508856682769725,0.08692833036184311,0.26025694608688354,0.33372005820274353,0.9419867732117984,133
IMG000048.jpeg,btxrd-heuristic-000025,medium,0.02322265625,0.0,0.07876126956463451,0.07876126956463451,0.002578125,0.55953125,217.03030303030303,0.11101766190075694,24.094196804037004,classifier448,external_saliency,0.007575757575757576,0.23340198268640044,0.9999990463256836,0.6839076280593872,0.40787386894226074,0.968647909331649,214
IMG000049.jpeg,btxrd-heuristic-000025,medium,0.0177734375,0.0,0.0,0.0,0.00095703125,0.088857421875,92.8469387755102,0.05384615384615385,4.9994505494505495,classifier448,layercam320,0.0,0.1799098802066161,0.8343130350112915,0.8730065226554871,0.2627694010734558,0.9876666630027223,210
IMG000050.jpeg,btxrd-heuristic-000026,large,0.108486328125,0.15526403188309532,0.7446110590440488,0.5893470271609534,0.009130859375,0.141591796875,15.506951871657755,0.0841659915383923,1.305157980016203,external_saliency,layercam320,0.0,0.09897234292020139,0.999272882938385,0.8356575965881348,0.3235487937927246,0.9886484440613171,207
IMG000055.jpeg,btxrd-heuristic-000029,medium,0.027138671875,0.6274689940284796,0.4473534433693796,-0.18011555065909995,0.057900390625,0.09296875,1.605667060212515,2.133501259445844,3.4256926952141056,layercam320,classifier448,0.0,0.0015756302521008404,0.34227779507637024,0.46721702814102173,0.43890371918678284,0.9670054543165681,170
IMG000056.jpeg,btxrd-heuristic-000029,medium,0.034091796875,0.8232165206508135,0.7907618928078323,-0.032454627842981254,0.028330078125,0.0437109375,1.542916235780765,0.8309939845316529,1.2821541105700371,external_saliency,layercam320,0.0,0.0,0.5192604064941406,0.5117967128753662,0.4336410462856293,0.8540583645931006,153
IMG000071.jpeg,btxrd-heuristic-000037,large,0.06220703125,0.5526792372429956,0.5526792372429956,0.0,0.1211328125,0.1211328125,1.0,1.9472527472527472,1.9472527472527472,classifier448,classifier448,0.026765559496936472,0.026765559496936472,0.9061553478240967,0.8077697157859802,0.332590252161026,0.9883769661460907,197
IMG000076.jpeg,btxrd-heuristic-000039,medium,0.039736328125,0.11051776178314372,0.16641105862626016,0.05589329684311643,0.00232421875,0.43783203125,188.3781512605042,0.058491029737036127,11.01843204718604,layercam320,external_saliency,0.0,0.15477093277423384,0.8013292551040649,0.43833035230636597,0.40796104073524475,0.9863225153645728,155
IMG000125.jpeg,btxrd-heuristic-000063,medium,0.023271484375,0.5008403361344538,0.43612737920937045,-0.06471295692508333,0.04064453125,0.083447265625,2.053099471407977,1.746537977339488,3.58581619806966,classifier448,classifier448,0.0004805382027871216,0.14909303686366296,0.5813067555427551,0.4961535334587097,0.43796733021736145,0.9562024852971706,189
IMG000126.jpeg,btxrd-heuristic-000063,medium,0.041005859375,0.4851908643370188,0.11288759689922481,-0.37230326743779396,0.08,0.684619140625,8.5577392578125,1.9509407001667063,16.69564181948083,classifier448,external_saliency,0.0997314453125,0.2491405748520077,0.7990186810493469,0.5642703771591187,0.42446401715278625,0.9798503491075929,171
IMG000137.jpeg,btxrd-heuristic-000069,medium,0.02318359375,0.6202259279182356,0.07432104562886437,-0.5459048822893713,0.013125,0.600693359375,45.767113095238095,0.5661331086773378,25.91027801179444,layercam320,external_saliency,0.0,0.17169286794231925,0.9995933175086975,0.5395711064338684,0.4171101748943329,0.8911045013383851,206
IMG000138.jpeg,btxrd-heuristic-000069,medium,0.0229296875,0.7748099044648079,0.07439443625936663,-0.7004154682054413,0.027158203125,0.593505859375,21.853649766271126,1.184412265758092,25.88373083475298,external_saliency,classifier448,0.0,0.20238584944467297,0.9990406632423401,0.6177948713302612,0.4276264011859894,0.9746071202150249,144
IMG000144.jpeg,btxrd-heuristic-000073,medium,0.014892578125,0.0,0.03536067892503536,0.03536067892503536,0.0025,0.827431640625,330.97265625,0.1678688524590164,55.56,classifier448,classifier448,0.0,0.2355745966552184,0.9998795986175537,0.8670114874839783,0.2941875755786896,0.9961769074127722,207
IMG000152.jpeg,btxrd-heuristic-000078,large,0.078046875,0.000835421888053467,0.5020644668817876,0.5012290449937342,0.108984375,0.203408203125,1.8663978494623656,1.3963963963963963,2.6062312312312312,layercam320,external_saliency,0.13225806451612904,0.1214172547889961,0.9942353367805481,0.8568554520606995,0.30191129446029663,0.9965494298428362,216
IMG000160.jpeg,btxrd-heuristic-000082,medium,0.0430078125,0.0,0.08440641355819556,0.08440641355819556,0.05189453125,0.074541015625,1.4363944298080542,1.206630336058129,1.733197093551317,classifier448,classifier448,0.0,0.09629241451591773,0.9864398837089539,0.6683593392372131,0.4046553671360016,0.9667116720743025,159
IMG000161.jpeg,btxrd-heuristic-000082,medium,0.021123046875,0.49660995266726365,0.4195073891625616,-0.07710256350470207,0.05521484375,0.077998046875,1.412628227803325,2.613962089690245,3.692556634304207,classifier448,layercam320,0.0,0.008013021159384,0.9901651740074158,0.8554456830024719,0.3060987889766693,0.9990792039804164,213
IMG000200.jpeg,btxrd-heuristic-000098,medium,0.0232421875,0.9078076753418615,0.056251970031278034,-0.8515557053105834,0.02103515625,0.78228515625,37.18941504178273,0.9050420168067227,33.65798319327731,external_saliency,external_saliency,0.0,0.24694779417272114,0.999561607837677,0.708692729473114,0.34837666153907776,0.9955126329138622,135
IMG000201.jpeg,btxrd-heuristic-000098,medium,0.021513671875,0.6843153999430686,0.05917015812947696,-0.6251452418135917,0.01279296875,0.701044921875,54.79923664122138,0.5946436677258284,32.58601906491148,external_saliency,external_saliency,0.0,0.2104141418362656,0.9999275207519531,0.775225043296814,0.32589298486709595,0.9976639669202758,144
IMG000202.jpeg,btxrd-heuristic-000099,medium,0.024990234375,0.8539411206077873,0.07022117337138467,-0.7837199472364026,0.02642578125,0.686767578125,25.988543976348854,1.0574443141852286,27.481438061742868,layercam320,classifier448,0.0007390983000739098,0.18245289726270886,0.9760454297065735,0.8012194037437439,0.3523235321044922,0.9995434765340803,153
IMG000222.jpeg,btxrd-heuristic-000109,medium,0.030498046875,0.5563135846798324,0.18577810871183917,-0.3705354759679932,0.05109375,0.284267578125,5.563646788990825,1.675312199807877,9.320845341018252,classifier448,layercam320,0.0,0.07636813356693806,0.17136512696743011,0.3539721369743347,0.43215635418891907,0.9258418109070932,216
IMG000244.jpeg,btxrd-heuristic-000120,small,0.000556640625,0.0,0.003200714578138375,0.003200714578138375,0.063427734375,0.2618359375,4.128098537336412,113.94736842105263,470.3859649122807,layercam320,classifier448,0.2420323325635104,0.11968521557511562,0.14576585590839386,0.34419405460357666,0.42828303575515747,0.766368203249199,197
IMG000245.jpeg,btxrd-heuristic-000121,medium,0.010078125,0.7443202307969707,0.6321592649310873,-0.11216096586588342,0.017001953125,0.021806640625,1.282596209075244,1.687015503875969,2.1637596899224807,layercam320,external_saliency,0.0752441125789776,0.06359158083296014,0.12675434350967407,0.6936362385749817,0.37838268280029297,0.9626524241537404,135
IMG000260.jpeg,btxrd-heuristic-000128,small,0.00572265625,0.0,0.016761294566880712,0.016761294566880712,0.0435546875,0.677119140625,15.546412556053811,7.610921501706485,118.32252559726962,classifier448,classifier448,0.0,0.22236324040555547,0.07559545338153839,0.35851606726646423,0.37961286306381226,0.9197423903086598,192
IMG000275.jpeg,btxrd-heuristic-000137,small,0.001748046875,0.04218706633361088,0.023652694610778444,-0.018534371722832434,0.0334375,0.063486328125,1.8986565420560748,19.12849162011173,36.31843575418994,layercam320,classifier448,0.01139018691588785,0.012459621596677434,0.7628383636474609,0.5959464311599731,0.4204312860965729,0.9948666496107965,198
IMG000279.jpeg,btxrd-heuristic-000140,small,0.00013671875,0.0,0.000867177337765573,0.000867177337765573,0.002451171875,0.067431640625,27.50996015936255,17.928571428571427,493.2142857142857,layercam320,classifier448,0.0,0.0,0.09425219148397446,0.30117204785346985,0.38547009229660034,0.9116046401870024,141
IMG000285.jpeg,btxrd-heuristic-000145,small,0.001572265625,0.3680555555555556,0.020543108429094178,-0.3475124471264614,0.006865234375,0.150546875,21.928876244665716,4.366459627329193,95.75155279503106,external_saliency,layercam320,0.0,0.1576933056564608,0.8598753213882446,0.47955322265625,0.4368823766708374,0.9465947037928206,142
IMG000292.jpeg,btxrd-heuristic-000150,small,0.00052734375,0.0016281823564239194,0.0016281823564239194,0.0,0.52728515625,0.52728515625,1.0,999.8888888888889,999.8888888888889,external_saliency,external_saliency,0.18214986850390785,0.18214986850390785,0.3762604892253876,0.34349924325942993,0.4121420979499817,0.8748127124965338,167
IMG000300.jpeg,btxrd-heuristic-000156,small,0.002431640625,0.0746132848043676,0.010126702641025031,-0.06448658216334258,0.00830078125,0.40837890625,49.19764705882353,3.4136546184738954,167.9437751004016,layercam320,external_saliency,0.0058823529411764705,0.15285283849060213,0.3034963011741638,0.4152553379535675,0.4510003328323364,0.8138177293266324,177
IMG000306.jpeg,btxrd-heuristic-000160,small,0.003916015625,0.19860279441117765,0.13160485723662618,-0.06699793717455146,0.035224609375,0.055595703125,1.5783199334627114,8.99501246882793,14.197007481296758,external_saliency,external_saliency,0.0,0.0008782715615668365,0.7746099829673767,0.5803315043449402,0.4366466999053955,0.9773888808090143,207
IMG000320.jpeg,btxrd-heuristic-000167,small,0.000244140625,0.0,0.0,0.0,0.018662109375,0.13513671875,7.24123495552067,76.44,553.52,layercam320,classifier448,0.00837257980115123,0.0890302066772655,0.06997742503881454,0.38794979453086853,0.42031002044677734,0.9497386851817893,205
IMG000327.jpeg,btxrd-heuristic-000172,small,0.001064453125,0.0,0.00689621679374484,0.00689621679374484,0.063779296875,0.20001953125,3.136120042872454,59.91743119266055,187.90825688073394,layercam320,layercam320,0.0,0.11078019724636266,0.382050484418869,0.46187475323677063,0.40259605646133423,0.995198010614726,162
IMG000328.jpeg,btxrd-heuristic-000173,small,0.003828125,0.9165628891656289,0.0005004234352144122,-0.9160624657304145,0.004013671875,0.5035546875,125.45985401459853,1.0484693877551021,131.5408163265306,external_saliency,external_saliency,0.0,0.21284229307268637,0.5393661260604858,0.4559413492679596,0.400406152009964,0.9238492765207219,135
IMG000337.jpeg,btxrd-heuristic-000180,small,0.0003515625,0.0,0.0,0.0,0.02123046875,0.044033203125,2.0740570377184917,60.388888888888886,125.25,layercam320,layercam320,0.0,0.0,0.09299492835998535,0.2578493356704712,0.38738536834716797,0.7141816750160312,188
IMG000338.jpeg,btxrd-heuristic-000181,small,0.00060546875,0.0,0.0,0.0,0.03265625,0.06640625,2.0334928229665072,53.935483870967744,109.6774193548387,classifier448,classifier448,0.0,0.0022058823529411764,0.7119052410125732,0.5225478410720825,0.4176563322544098,0.9433351593254097,197
IMG000340.jpeg,btxrd-heuristic-000183,small,0.00056640625,0.3416370106761566,0.0004889975550122249,-0.34114801312114434,0.002177734375,0.07931640625,36.42152466367713,3.8448275862068964,140.0344827586207,layercam320,layercam320,0.0,0.08310760896330953,0.21095231175422668,0.3600805103778839,0.41771769523620605,0.929479862983453,165
IMG000372.jpeg,btxrd-heuristic-000203,small,0.000703125,0.0,0.0,0.0,0.02220703125,0.144287109375,6.49736147757256,31.583333333333332,205.20833333333334,classifier448,external_saliency,0.0,0.1272419627749577,0.8139835000038147,0.5311703681945801,0.4326019883155823,0.903142996069718,142
IMG000378.jpeg,btxrd-heuristic-000208,small,0.000966796875,0.029050613956274333,0.015890093519821236,-0.013160520436453098,0.064248046875,0.11703125,1.8215534275725793,66.45454545454545,121.05050505050505,classifier448,classifier448,0.0,0.0,0.20215508341789246,0.4049775004386902,0.3912712037563324,0.9578136358486177,134
IMG000408.jpeg,btxrd-heuristic-000223,small,6.8359375e-05,0.0,0.0,0.0,0.012578125,0.0253515625,2.0155279503105588,184.0,370.85714285714283,classifier448,classifier448,0.0,0.002696456086286595,0.33586886525154114,0.6850723028182983,0.415854811668396,0.9934517018065463,185
IMG000414.jpeg,btxrd-heuristic-000228,small,0.0002734375,0.0,0.0,0.0,0.011318359375,0.036162109375,3.194995685936152,41.392857142857146,132.25,classifier448,classifier448,0.0,0.0,0.13256454467773438,0.33170202374458313,0.4071313142776489,0.8187593496870296,156
IMG000415.jpeg,btxrd-heuristic-000229,medium,0.0254296875,0.7843950245005654,0.8148268574215575,0.030431832920992052,0.02638671875,0.034638671875,1.3127313101406366,1.0376344086021505,1.3621351766513057,classifier448,layercam320,0.15988156920799407,0.11107978573442345,0.23345570266246796,0.6553990244865417,0.39610517024993896,0.999020805486367,171
IMG000416.jpeg,btxrd-heuristic-000230,small,0.001435546875,0.0,0.0,0.0,0.010634765625,0.02134765625,2.007346189164371,7.408163265306122,14.870748299319727,classifier448,classifier448,0.0,0.0,0.03806385397911072,0.31545552611351013,0.39374062418937683,0.6544226307971072,226
IMG000420.jpeg,btxrd-heuristic-000233,small,0.001279296875,0.8477366255144033,0.02121801101392938,-0.8265186145004739,0.00109375,0.119306640625,109.08035714285714,0.8549618320610687,93.25954198473282,classifier448,layercam320,0.0,0.043054759760988784,0.38307586312294006,0.40222153067588806,0.4201679229736328,0.9637284989566186,161
IMG000439.jpeg,btxrd-heuristic-000244,small,0.0004296875,0.0,0.0,0.0,0.03236328125,0.03236328125,1.0,75.31818181818181,75.31818181818181,classifier448,classifier448,0.0,0.0,0.11603464186191559,0.361504465341568,0.41920262575149536,0.726966534805483,225
IMG000467.jpeg,btxrd-heuristic-000260,small,0.006787109375,0.3244517802405093,0.2739562624254473,-0.05049551781506201,0.03462890625,0.042333984375,1.2225042301184432,5.102158273381295,6.237410071942446,classifier448,classifier448,0.10462492949802595,0.12318339100346021,0.16019724309444427,0.6977320909500122,0.3881215453147888,0.975748725980898,189
IMG000478.jpeg,btxrd-heuristic-000267,small,0.003935546875,0.37524950099800397,0.08658623136976579,-0.2886632696282382,0.00095703125,0.078623046875,82.1530612244898,0.24317617866004962,19.977667493796528,layercam320,classifier448,0.0,0.0,0.08487284928560257,0.321200966835022,0.4124918282032013,0.7769253527305371,133
IMG000481.jpeg,btxrd-heuristic-000269,small,0.001064453125,0.5704225352112676,0.03017718715393134,-0.5402453480573363,0.001708984375,0.069482421875,40.65714285714286,1.6055045871559632,65.27522935779817,classifier448,classifier448,0.0,0.0,0.31791743636131287,0.4944436252117157,0.4077812731266022,0.9462035212530637,161
IMG000496.jpeg,btxrd-heuristic-000278,small,0.001787109375,0.27252419955323903,0.0,-0.27252419955323903,0.011328125,0.04919921875,4.343103448275863,6.33879781420765,27.530054644808743,classifier448,classifier448,0.0,0.006351726875744343,0.34270814061164856,0.51349937915802,0.46120572090148926,0.9126887042931356,231
IMG000513.jpeg,btxrd-heuristic-000287,small,0.00330078125,0.0,0.0,0.0,0.035927734375,0.04888671875,1.3606958412612125,10.884615384615385,14.810650887573965,layercam320,layercam320,0.09948355531394401,0.07151418298042349,0.3861212730407715,0.78699791431427,0.3402028977870941,0.9826234573555365,170
IMG000542.jpeg,btxrd-heuristic-000302,small,0.000400390625,0.0,0.0,0.0,0.01619140625,0.029638671875,1.8305186972255731,40.4390243902439,74.02439024390245,classifier448,classifier448,0.0,0.0,0.2204538732767105,0.47548800706863403,0.426277756690979,0.66433119618269,219
IMG000548.jpeg,btxrd-heuristic-000305,small,0.000830078125,0.07240204429301533,0.03394568690095846,-0.03845635739205687,0.022099609375,0.048076171875,2.175430844012373,26.623529411764707,57.917647058823526,layercam320,layercam320,0.0,0.0006093845216331506,0.11222784966230392,0.3739209473133087,0.4111364483833313,0.9890388608909662,135
IMG000549.jpeg,btxrd-heuristic-000305,small,0.0007421875,0.0,0.0031255140648132917,0.0031255140648132917,0.00330078125,0.4741796875,143.65680473372782,4.447368421052632,638.8947368421053,layercam320,layercam320,0.0,0.1659733091687948,0.06312226504087448,0.38835686445236206,0.4063858091831207,0.9418990628890499,162
IMG000555.jpeg,btxrd-heuristic-000308,small,0.000654296875,0.0,0.0,0.0,0.00458984375,0.420615234375,91.64042553191489,7.014925373134329,642.8507462686567,layercam320,external_saliency,0.0,0.7771818625060946,0.9742841720581055,0.5403847694396973,0.46426525712013245,0.9285176917065243,242
IMG000556.jpeg,btxrd-heuristic-000308,small,0.00060546875,0.0,0.0,0.0,0.035947265625,0.470908203125,13.099972833469165,59.37096774193548,777.758064516129,classifier448,layercam320,0.0,0.7195412786960038,0.9798351526260376,0.5396937131881714,0.4642578661441803,0.9430502532184525,205
IMG000562.jpeg,btxrd-heuristic-000311,small,0.002587890625,0.29892836999435984,0.011794289783474642,-0.2871340802108852,0.0147265625,0.43625,29.623342175066316,5.690566037735849,168.57358490566037,layercam320,external_saliency,0.0,0.1335288323782235,0.11140821129083633,0.2865440547466278,0.3801039457321167,0.8397578140590106,175
IMG000576.jpeg,btxrd-heuristic-000320,small,0.00349609375,0.0,0.01944965093852715,0.01944965093852715,0.0090234375,0.356005859375,39.4534632034632,2.5810055865921786,101.82960893854748,classifier448,classifier448,0.0,0.21086270744753807,0.16096186637878418,0.4382937550544739,0.4024810194969177,0.9670354978968527,168
IMG000582.jpeg,btxrd-heuristic-000324,small,0.00091796875,0.0,0.008549729410159626,0.008549729410159626,0.008203125,0.213818359375,26.065476190476186,8.936170212765957,232.9255319148936,layercam320,classifier448,0.0,0.0634848138844485,0.14842239022254944,0.28396525979042053,0.4097192585468292,0.7372202705514065,169
IMG000612.jpeg,btxrd-heuristic-000341,small,0.00248046875,0.0,0.0,0.0,0.021181640625,0.033681640625,1.590133702166897,8.539370078740157,13.578740157480315,layercam320,layercam320,0.6265560165975104,0.5358074804291099,0.582394540309906,0.49275845289230347,0.4636248052120209,0.9242288869354429,240
IMG000628.jpeg,btxrd-heuristic-000349,small,0.000458984375,0.0013192399890599611,0.0013192399890599611,0.0,0.60654296875,0.60654296875,1.0,1321.4893617021276,1321.4893617021276,external_saliency,external_saliency,0.2580904846240541,0.2580904846240541,0.10229875147342682,0.2939883768558502,0.3932131230831146,0.8247955202288725,240
IMG000636.jpeg,btxrd-heuristic-000354,small,0.000693359375,0.0,0.002403602017671553,0.002403602017671553,0.02048828125,0.576240234375,28.125357483317448,29.549295774647888,831.0845070422536,layercam320,external_saliency,0.0,0.11366448048536615,0.4876199960708618,0.6153325438499451,0.44659993052482605,0.9968686460995484,196
IMG000641.jpeg,btxrd-heuristic-000358,small,0.00046875,0.006607929515418502,0.0023115660860232807,-0.004296363429395222,0.052734375,0.117822265625,2.234259259259259,112.5,251.35416666666666,layercam320,external_saliency,0.0,0.0,0.2265455722808838,0.4126429259777069,0.4183736741542816,0.8894426910382307,173
IMG000642.jpeg,btxrd-heuristic-000359,small,0.000947265625,0.8426395939086294,0.034936070592472536,-0.8077035233161569,0.0009765625,0.05328125,54.56,1.0309278350515463,56.24742268041237,classifier448,external_saliency,0.0,0.20711143695014664,0.36468562483787537,0.707756757736206,0.4017639756202698,0.987921251391885,162
IMG000660.jpeg,btxrd-heuristic-000370,large,0.068505859375,0.2554085795524787,0.612208177769781,0.3567995982173023,0.01048828125,0.14859375,14.167597765363128,0.15310049893086244,2.169066286528867,classifier448,external_saliency,0.0,0.22594637223974764,0.5343372821807861,0.5072450637817383,0.4616406559944153,0.9949963728747137,144
IMG000672.jpeg,btxrd-heuristic-000377,small,0.000244140625,0.0034465780403741997,0.0034465780403741997,0.0,0.118759765625,0.118759765625,1.0,486.44,486.44,classifier448,classifier448,0.0,0.0,0.04744569584727287,0.42007726430892944,0.38799718022346497,0.9764261603028135,171
IMG000681.jpeg,btxrd-heuristic-000383,small,0.000693359375,0.00680106873937333,0.00937170010559662,0.00257063136622329,0.079716796875,0.147275390625,1.8474825431826536,114.97183098591549,212.40845070422534,classifier448,layercam320,0.0,0.033684768914528214,0.5069355964660645,0.42990490794181824,0.4339531362056732,0.8918238364847099,135
IMG000682.jpeg,btxrd-heuristic-000384,small,0.00134765625,0.037560011296244,0.022868285764935294,-0.014691725531308705,0.0678125,0.108828125,1.6048387096774195,50.31884057971015,80.7536231884058,layercam320,layercam320,0.0,0.0,0.18782825767993927,0.4457254111766815,0.3730666935443878,0.9229689222311327,134
IMG000699.jpeg,btxrd-heuristic-000394,small,0.00271484375,0.026699745997991613,0.026699745997991613,0.0,0.162607421875,0.162607421875,1.0,59.89568345323741,59.89568345323741,layercam320,layercam320,0.0,0.0,0.7920197248458862,0.5144574046134949,0.44472768902778625,0.9733039856430996,188
IMG000727.jpeg,btxrd-heuristic-000411,small,0.0012890625,0.0,0.01845444059976932,0.01845444059976932,0.017470703125,0.091845703125,5.257126886528787,13.553030303030303,71.25,layercam320,external_saliency,0.0,0.004253056884635832,0.2974117696285248,0.4563473165035248,0.4375760555267334,0.9141942705203313,176
IMG000747.jpeg,btxrd-heuristic-000422,small,0.003193359375,0.08308982340236311,0.045331669785818256,-0.03775815361654485,0.073671875,0.1376953125,1.8690349946977731,23.07033639143731,43.11926605504587,layercam320,classifier448,0.0027836691410392366,0.0,0.5586665868759155,0.46382802724838257,0.40505003929138184,0.9776637632456568,170
IMG000749.jpeg,btxrd-heuristic-000424,small,0.002001953125,0.8031496062992126,0.029611078373600472,-0.7735385279256122,0.00171875,0.130576171875,75.9715909090909,0.8585365853658536,65.22439024390243,external_saliency,classifier448,0.0,0.004113379702340887,0.5617013573646545,0.4906507134437561,0.42099228501319885,0.966860509780874,135
IMG000750.jpeg,btxrd-heuristic-000425,small,0.0007421875,0.0,0.007676883414494414,0.007676883414494414,0.000986328125,0.169716796875,172.06930693069307,1.3289473684210527,228.67105263157896,layercam320,classifier448,0.0,0.024397261062201508,0.25947803258895874,0.4468247890472412,0.41783928871154785,0.9006670222544132,145
IMG000751.jpeg,btxrd-heuristic-000426,small,0.000556640625,0.0782122905027933,0.008789514263685428,-0.06942277623910786,0.00119140625,0.126103515625,105.84426229508196,2.1403508771929824,226.5438596491228,classifier448,layercam320,0.0,0.11368388445752342,0.08436831831932068,0.4410189390182495,0.42131972312927246,0.9849733622640373,135
IMG000762.jpeg,btxrd-heuristic-000434,small,0.000498046875,0.006979642708766099,0.006979642708766099,0.0,0.11703125,0.11703125,1.0,234.98039215686273,234.98039215686273,classifier448,classifier448,0.03946929238985314,0.03946929238985314,0.18784570693969727,0.4780479371547699,0.40226250886917114,0.9061813542480208,131
IMG000763.jpeg,btxrd-heuristic-000435,small,0.001357421875,0.03408316291751875,0.004652018942753393,-0.029431143974765355,0.0702734375,0.5822265625,8.285158421345193,51.76978417266187,428.9208633093525,classifier448,external_saliency,0.0,0.2039248574303925,0.21329265832901,0.4291820526123047,0.4081569015979767,0.9461145790296513,162
IMG000793.jpeg,btxrd-heuristic-000452,medium,0.025791015625,0.0,0.019701586634443626,0.019701586634443626,0.06328125,0.717724609375,11.341820987654323,2.4536160545248014,27.82847406285498,layercam320,classifier448,0.4564814814814815,0.27214096197020204,0.9990941286087036,0.7798826098442078,0.30822181701660156,0.9503719638074271,209
IMG000794.jpeg,btxrd-heuristic-000452,medium,0.01095703125,0.04130162703379224,0.052863213273978145,0.011561586240185905,0.0046484375,0.37513671875,80.7016806722689,0.42424242424242425,34.23707664884135,classifier448,external_saliency,0.0,0.2534232311136565,0.9184082746505737,0.619343638420105,0.37630003690719604,0.9673220157062163,189
IMG000838.jpeg,btxrd-heuristic-000476,small,0.001220703125,0.0,0.0,0.0,0.0019921875,0.054208984375,27.21078431372549,1.632,44.408,layercam320,layercam320,0.0,0.0009007386056566384,0.9423269629478455,0.641796350479126,0.4281671643257141,0.9327153907891921,222
IMG000876.jpeg,btxrd-heuristic-000501,small,0.0009375,0.010238361862102063,0.010238361862102063,0.0,0.182197265625,0.182197265625,1.0,194.34375,194.34375,classifier448,classifier448,0.09299458648228547,0.09299458648228547,0.9076836705207825,0.5134201645851135,0.42642292380332947,0.9571887777790341,170
IMG000895.jpeg,btxrd-heuristic-000513,small,0.00048828125,0.00131420435877779,0.00131420435877779,0.0,0.088681640625,0.088681640625,1.0,181.62,181.62,layercam320,layercam320,0.0,0.0,0.9968168139457703,0.3735220432281494,0.40754973888397217,0.9156480757888816,198
IMG000899.jpeg,btxrd-heuristic-000516,small,0.007197265625,0.0,0.0,0.0,0.084482421875,0.084482421875,1.0,11.738127544097694,11.738127544097694,layercam320,layercam320,0.005317304357877702,0.005317304357877702,0.30378180742263794,0.41525182127952576,0.4056946933269501,0.9009401611258281,225
IMG000901.jpeg,btxrd-heuristic-000518,small,0.0002734375,0.004810360777058279,0.004810360777058279,0.0,0.10529296875,0.10529296875,1.0,385.07142857142856,385.07142857142856,classifier448,classifier448,0.0,0.0,0.7866945266723633,0.3458043336868286,0.4241822063922882,0.9170122980467805,144
IMG000902.jpeg,btxrd-heuristic-000519,small,0.00064453125,0.0182901482610503,0.0019438907467505724,-0.016346257514299727,0.069833984375,0.592158203125,8.479513354775555,108.34848484848484,918.7424242424242,classifier448,classifier448,0.0,0.21089433844022626,0.9922996163368225,0.5736940503120422,0.4183301031589508,0.930772607550483,135
IMG000905.jpeg,btxrd-heuristic-000521,small,0.002021484375,0.11430229184798375,0.0335195530726257,-0.08078273877535805,0.031640625,0.11509765625,3.6376543209876546,15.652173913043478,56.93719806763285,layercam320,layercam320,0.0,0.04344137111827592,0.9299113154411316,0.5469474196434021,0.41417181491851807,0.9558329822775326,161
IMG000917.jpeg,btxrd-heuristic-000527,small,0.00021484375,0.0,0.0,0.0,0.002685546875,0.253798828125,94.50545454545454,12.5,1181.3181818181818,classifier448,external_saliency,0.0,0.12135903651544884,0.8989953398704529,0.37136489152908325,0.4577976167201996,0.9484201088976844,140
IMG000918.jpeg,btxrd-heuristic-000528,small,0.00046875,0.0,0.0,0.0,0.033359375,0.142919921875,4.284250585480094,71.16666666666667,304.8958333333333,classifier448,classifier448,0.0,0.17218995558592415,0.09383293241262436,0.32205280661582947,0.4266456365585327,0.748861535850074,188
IMG000924.jpeg,btxrd-heuristic-000533,small,0.00017578125,0.005835629761711785,0.003061224489795918,-0.0027744052719158667,0.060068359375,0.07638671875,1.2716631442041946,341.72222222222223,434.55555555555554,layercam320,layercam320,0.010242237034628515,0.018920992073638454,0.9914574027061462,0.6142421364784241,0.42914313077926636,0.9474835510739165,206
IMG000928.jpeg,btxrd-heuristic-000536,small,0.000869140625,0.5737704918032787,0.0012201286364190967,-0.5725503631668596,0.001513671875,0.55939453125,369.56129032258065,1.7415730337078652,643.6179775280899,layercam320,external_saliency,0.0,0.2271568730142104,0.4232122004032135,0.4756910502910614,0.4167792797088623,0.9444570286637892,162
IMG000930.jpeg,btxrd-heuristic-000538,small,0.001708984375,0.7278911564625851,0.0,-0.7278911564625851,0.001162109375,0.239619140625,206.19327731092437,0.68,140.21142857142857,classifier448,external_saliency,0.0,0.12348697884826997,0.9993436932563782,0.5292750597000122,0.42364880442619324,0.9507510379252818,210
IMG000931.jpeg,btxrd-heuristic-000539,small,0.0001953125,0.0040947645510383155,0.002815513479270782,-0.0012792510717675337,0.06658203125,0.138544921875,2.080815488413024,340.9,709.35,layercam320,layercam320,0.3041947785274274,0.2469161908789737,0.2747829258441925,0.3367513418197632,0.39323127269744873,0.9249995867311207,192
IMG000932.jpeg,btxrd-heuristic-000540,small,0.000244140625,0.06489675516224189,0.0032518210197710717,-0.06164493414247082,0.00306640625,0.149912109375,48.88853503184713,12.56,614.04,classifier448,classifier448,0.0,0.012833040192821315,0.9997863173484802,0.4815133213996887,0.442973256111145,0.8422972855023132,134
IMG000944.jpeg,btxrd-heuristic-000547,small,0.00474609375,0.0933666268591901,0.07124640065816537,-0.02212022620102473,0.085205078125,0.113955078125,1.3374212034383954,17.95267489711934,24.01028806584362,classifier448,classifier448,0.0,0.0021424286571257176,0.9984155893325806,0.24208061397075653,0.3905460238456726,0.9395033175707518,153
IMG000963.jpeg,btxrd-heuristic-000561,medium,0.04451171875,0.6756728453241178,0.6185769259790236,-0.05709591934509417,0.048740234375,0.084912109375,1.7421358445201365,1.0949978060552874,1.9076349275998246,layercam320,layercam320,0.0,0.0,0.9866986274719238,0.6395403742790222,0.41582486033439636,0.9598344266899926,167
IMG000969.jpeg,btxrd-heuristic-000566,large,0.141259765625,0.20865840599663454,0.5152689337488146,0.30661052775218,0.05025390625,0.219140625,4.360668480373105,0.355755271344625,1.5513307984790874,external_saliency,layercam320,0.0,0.049554367201426024,0.999992847442627,0.8524398803710938,0.28120505809783936,0.9968027431566642,135
IMG000971.jpeg,btxrd-heuristic-000568,small,0.003017578125,0.0,0.0,0.0,0.054375,0.0807421875,1.4849137931034484,18.019417475728154,26.75728155339806,layercam320,layercam320,0.2823275862068966,0.4002177068214804,1.0,0.9542945027351379,0.18224133551120758,0.9990403051437464,164
IMG000993.jpeg,btxrd-heuristic-000581,small,0.00095703125,0.7403846153846154,0.012777851723678957,-0.7276067636609365,0.00107421875,0.14578125,135.7090909090909,1.1224489795918366,152.3265306122449,classifier448,classifier448,0.0,0.0,0.9681702852249146,0.5370392203330994,0.41587772965431213,0.9486093332736246,144
IMG000996.jpeg,btxrd-heuristic-000583,small,0.00017578125,0.003761969904240766,0.0036713097937587733,-9.06601104819927e-05,0.05693359375,0.090263671875,1.5854202401372215,323.8888888888889,513.5,layercam320,layercam320,0.0,0.0,0.9739425182342529,0.7568905353546143,0.32598742842674255,0.9880913398320441,179
IMG001006.jpeg,btxrd-heuristic-000591,small,0.001220703125,0.06805444355484387,0.06805444355484387,0.0,0.023173828125,0.023173828125,1.0,18.984,18.984,layercam320,layercam320,0.0,0.0,0.996026873588562,0.37361931800842285,0.4481475055217743,0.9731202889187529,196
IMG001007.jpeg,btxrd-heuristic-000592,medium,0.018466796875,0.3410333274554752,0.3410333274554752,0.0,0.0369140625,0.0369140625,1.0,1.9989423585404549,1.9989423585404549,classifier448,classifier448,0.0,0.0,0.9951830506324768,0.36211538314819336,0.4221864640712738,0.9185633544027684,223
IMG001024.jpeg,btxrd-heuristic-000600,small,0.000439453125,0.0,0.002552539777078193,0.002552539777078193,0.00458984375,0.34388671875,74.92340425531914,10.444444444444445,782.5333333333333,classifier448,classifier448,0.0,0.017123871187595844,0.05845155939459801,0.297545850276947,0.37808671593666077,0.8831775570753995,205
IMG001030.jpeg,btxrd-heuristic-000605,medium,0.02439453125,0.7046215673141326,0.6693050498654425,-0.03531651744869013,0.03392578125,0.037294921875,1.0993091537132986,1.3907125700560448,1.5288230584467575,layercam320,layercam320,0.0,0.0,0.3681855797767639,0.27595025300979614,0.33091655373573303,0.9290294571282329,221
IMG001056.jpeg,btxrd-heuristic-000620,small,0.004130859375,0.0,0.0121104542136078,0.0121104542136078,0.01392578125,0.67806640625,48.691444600280505,3.3711583924349884,164.1465721040189,external_saliency,layercam320,0.0,0.17477028545093182,0.9980555772781372,0.46457934379577637,0.42325928807258606,0.920061839668593,199
IMG001059.jpeg,btxrd-heuristic-000622,small,0.000712890625,0.001193792280143255,0.014875418371141688,0.013681626090998433,0.048369140625,0.07806640625,1.6139713305067636,67.84931506849315,109.5068493150685,classifier448,layercam320,0.0036341611144760752,0.009757317988491368,0.7465390563011169,0.7614049315452576,0.3240775763988495,0.996160971599914,225
IMG001060.jpeg,btxrd-heuristic-000623,small,0.000546875,0.171900826446281,0.0022966350195829147,-0.16960419142669808,0.005361328125,0.475693359375,88.72677595628416,9.803571428571429,869.8392857142857,classifier448,external_saliency,0.0,0.1889922194165589,0.9627243280410767,0.5227559804916382,0.44717898964881897,0.9356983734316839,191
IMG001092.jpeg,btxrd-heuristic-000639,large,0.062744140625,0.08114067323239747,0.39355283571797967,0.3124121624855822,0.00369140625,0.163857421875,44.388888888888886,0.058832684824902726,2.6115175097276264,classifier448,classifier448,0.0,0.0,0.9819099307060242,0.6692430973052979,0.37293386459350586,0.9890608875129006,171
IMG001094.jpeg,btxrd-heuristic-000641,medium,0.01990234375,0.1282223287014854,0.09327785208302372,-0.03494447661846167,0.082001953125,0.374375,4.565440038108848,4.120215897939156,18.810598626104024,layercam320,external_saliency,0.0,0.15437186978297163,0.9994081258773804,0.5640954971313477,0.4383567273616791,0.976705968513894,127
IMG001098.jpeg,btxrd-heuristic-000644,small,0.00947265625,0.695364238410596,0.0,-0.695364238410596,0.00822265625,0.102822265625,12.504750593824228,0.8680412371134021,10.854639175257732,layercam320,classifier448,0.0,0.2866369075885649,0.9993830919265747,0.37209799885749817,0.44409453868865967,0.7342586567756648,222
IMG001106.jpeg,btxrd-heuristic-000649,medium,0.010439453125,0.0,0.11251533742331288,0.11251533742331288,0.000869140625,0.148740234375,171.13483146067415,0.0832553788587465,14.247895229186156,classifier448,classifier448,0.651685393258427,0.16138139321121397,0.124277763068676,0.3262050151824951,0.40451541543006897,0.9141726654591569,201
IMG001136.jpeg,btxrd-heuristic-000669,small,0.00072265625,0.011019283746556474,0.019759679572763686,0.008740395826207212,0.020546875,0.072421875,3.5247148288973382,28.43243243243243,100.21621621621621,external_saliency,classifier448,0.0,0.0,0.18426841497421265,0.2013082355260849,0.3356514573097229,0.7638376743732315,135
IMG001140.jpeg,btxrd-heuristic-000672,small,0.001259765625,0.12653061224489795,0.0038917115809306135,-0.12263890066396733,0.003525390625,0.63109375,179.01385041551248,2.798449612403101,500.9612403100775,layercam320,external_saliency,0.08033240997229917,0.17275315672196087,0.7604116797447205,0.6040999889373779,0.37895429134368896,0.9855103872625782,188
IMG001141.jpeg,btxrd-heuristic-000673,small,7.8125e-05,0.0,0.00032725190215168124,0.00032725190215168124,0.064697265625,0.119287109375,1.8437735849056605,828.125,1526.875,layercam320,layercam320,0.06913207547169811,0.020221039705280393,0.998094379901886,0.47720834612846375,0.43868154287338257,0.7930854512969018,161
IMG001174.jpeg,btxrd-heuristic-000693,medium,0.025087890625,0.0,0.06788681909520447,0.06788681909520447,0.00125,0.694169921875,555.3359375,0.04982483456597898,27.669521214480344,classifier448,classifier448,0.0,0.16223288268643699,0.9354442954063416,0.7046024799346924,0.39285245537757874,0.9533653089611519,162
IMG001190.jpeg,btxrd-heuristic-000702,large,0.051171875,0.8596867624973181,0.6431986093003043,-0.21648815319701387,0.03986328125,0.106123046875,2.6621754042136208,0.7790076335877862,2.073854961832061,layercam320,classifier448,0.0,0.0,0.9999638795852661,0.29670023918151855,0.42330968379974365,0.7577615326606987,125
IMG001191.jpeg,btxrd-heuristic-000702,medium,0.02546875,0.5363408521303258,0.4673251521500549,-0.0690156999802709,0.06025390625,0.072412109375,1.2017828200972447,2.3657975460122698,2.8431748466257667,classifier448,classifier448,0.0,0.0,0.9964518547058105,0.3103484809398651,0.4098395109176636,0.8357657105763714,193
IMG001202.jpeg,btxrd-heuristic-000707,small,0.000869140625,0.8152866242038217,0.004388235584153046,-0.8108983886196687,0.0006640625,0.39525390625,595.2058823529411,0.7640449438202247,454.76404494382024,classifier448,external_saliency,0.0,0.14382072441567426,1.0,0.4439626932144165,0.4754835367202759,0.9922629405223214,135
IMG001206.jpeg,btxrd-heuristic-000710,small,0.00091796875,0.0,0.0066959303623242315,0.0066959303623242315,0.006533203125,0.2616015625,40.04185351270553,7.117021276595745,284.97872340425533,classifier448,classifier448,0.0,0.09183216365536807,0.9984139204025269,0.7637825012207031,0.32099199295043945,0.9938234558639665,216
IMG001215.jpeg,btxrd-heuristic-000715,large,0.051728515625,0.9203863751906457,0.8271382172500902,-0.09324815794055552,0.04431640625,0.056513671875,1.275231379462318,0.856711346044931,1.092505191617897,external_saliency,classifier448,0.09938298810048479,0.0900293761880076,0.6908459663391113,0.7403351068496704,0.3738294541835785,0.9845872208588741,144
IMG001216.jpeg,btxrd-heuristic-000715,large,0.07986328125,0.8842706327601089,0.824472049689441,-0.05979858307066788,0.067216796875,0.07736328125,1.1509516199331686,0.8416483247737834,0.9686965028124236,external_saliency,layercam320,0.0,0.0,0.7626147270202637,0.4725116491317749,0.4386272132396698,0.9551011525550309,188
IMG001219.jpeg,btxrd-heuristic-000717,small,0.001025390625,0.00358597639522334,0.00358597639522334,0.0,0.559970703125,0.559970703125,1.0,546.1047619047619,546.1047619047619,classifier448,classifier448,0.17029699516925062,0.17029699516925062,0.3713325262069702,0.4264794886112213,0.4160676598548889,0.930512063937851,170
IMG001231.jpeg,btxrd-heuristic-000724,small,0.0008984375,0.016871446909957823,0.015486911876104705,-0.0013845350338531175,0.10560546875,0.115126953125,1.0901609025337526,117.54347826086956,128.1413043478261,layercam320,layercam320,0.0,0.00016964967342437867,0.41104623675346375,0.45677193999290466,0.38034263253211975,0.9189534691654565,143
IMG001235.jpeg,btxrd-heuristic-000727,medium,0.013955078125,0.46884170550664594,0.1551153128198952,-0.31372639268675073,0.0426171875,0.14822265625,3.4780018331805684,3.053883834849545,10.621413575927221,layercam320,classifier448,0.007332722273143905,0.04196863881934379,0.20123377442359924,0.5492072105407715,0.3926078677177429,0.9310579653969492,145
IMG001245.jpeg,btxrd-heuristic-000732,medium,0.03099609375,0.18643162393162394,0.15248124639353722,-0.03395037753808672,0.00556640625,0.37517578125,67.4,0.17958412098298676,12.103969754253308,layercam320,external_saliency,0.0,0.18650111926701027,0.9999985694885254,0.4791315793991089,0.4637403190135956,0.9836611410076967,207
IMG001248.jpeg,btxrd-heuristic-000735,small,0.000244140625,0.04206500956022945,0.0036004896665946568,-0.03846451989363479,0.00486328125,0.13537109375,27.835341365461847,19.92,554.48,classifier448,classifier448,0.0,0.0012263742605684606,0.08764007687568665,0.3377971649169922,0.41221365332603455,0.8675989975793976,166
IMG001251.jpeg,btxrd-heuristic-000738,small,0.00330078125,0.0,0.04250459937829094,0.04250459937829094,0.00185546875,0.150634765625,81.1842105263158,0.5621301775147929,45.63609467455621,layercam320,external_saliency,0.0,0.11747163695299838,1.0,0.5332573652267456,0.4710973799228668,0.9379997457691359,150
IMG001259.jpeg,btxrd-heuristic-000745,small,0.00021484375,0.04552352048558422,0.010531858873091101,-0.03499166161249312,0.006220703125,0.036875,5.92778649921507,28.954545454545453,171.63636363636363,external_saliency,classifier448,0.0,0.0007944915254237289,0.8183390498161316,0.5378340482711792,0.42161405086517334,0.9576215921251612,225
IMG001272.jpeg,btxrd-heuristic-000753,small,0.000615234375,0.08372093023255814,0.004307545041195173,-0.07941338519136297,0.01408203125,0.2850390625,20.24133148404993,22.88888888888889,463.3015873015873,classifier448,external_saliency,0.0006934812760055479,0.20381663697409894,0.6612994074821472,0.4875480532646179,0.4739077687263489,0.9567112523598312,149
IMG001280.jpeg,btxrd-heuristic-000760,medium,0.043193359375,0.2244078683259735,0.746441947565543,0.5220340792395696,0.005458984375,0.061103515625,11.193202146690519,0.1263848066922903,1.41465068957721,external_saliency,classifier448,0.0,0.0,0.819175660610199,0.5581926107406616,0.40685147047042847,0.9690060293555574,171
IMG001315.jpeg,btxrd-heuristic-000783,medium,0.013740234375,0.8668730650154799,0.8836174944403261,0.01674442942484622,0.011494140625,0.012607421875,1.096856414613424,0.8365316275764036,0.9175550817341862,classifier448,classifier448,0.0,0.0,0.9999998807907104,0.48581862449645996,0.4547617733478546,0.8690387864746479,170
IMG001352.jpeg,btxrd-heuristic-000808,medium,0.01857421875,0.6456754130223518,0.43851386708529566,-0.2071615459370561,0.031669921875,0.05607421875,1.7705827937095282,1.7050473186119874,3.0189274447949526,layercam320,classifier448,0.0,0.049285963079066526,0.8591862916946411,0.6063640117645264,0.38211220502853394,0.9572616314272148,147
IMG001353.jpeg,btxrd-heuristic-000809,medium,0.021142578125,0.7100461639920862,0.6600095102234903,-0.050036653768595896,0.02328125,0.04046875,1.7382550335570468,1.1011547344110855,1.9140877598152426,layercam320,classifier448,0.0,0.0,0.8945838809013367,0.5617649555206299,0.4077925980091095,0.8900327477779564,171
IMG001371.jpeg,btxrd-heuristic-000821,medium,0.016123046875,0.22279792746113988,0.041064033527751176,-0.1817338939333887,0.002724609375,0.769140625,282.2939068100358,0.1689884918231375,47.70442156268928,layercam320,layercam320,0.0,0.2483875063484002,0.9162525534629822,0.620125949382782,0.3817041218280792,0.9291533991902525,227
IMG001379.jpeg,btxrd-heuristic-000826,medium,0.0131640625,0.32546583850931676,0.07239971850809289,-0.25306612000122386,0.00255859375,0.333759765625,130.44656488549617,0.1943620178041543,25.35385756676558,classifier448,layercam320,0.0,0.11390701348860345,0.053179312497377396,0.5093263983726501,0.41947001218795776,0.9800978813483149,168
IMG001391.jpeg,btxrd-heuristic-000833,large,0.151650390625,0.050172036284016265,0.27148128624143386,0.2213092499574176,0.004453125,0.033603515625,7.546052631578947,0.02936441496554833,0.2215854208255522,layercam320,layercam320,0.0,0.0,0.9998106360435486,0.7912610769271851,0.3498116135597229,0.9986613961222729,204
IMG001394.jpeg,btxrd-heuristic-000836,small,0.00505859375,0.30616583982990786,0.18894765639248587,-0.11721818343742199,0.0225,0.048486328125,2.1549479166666665,4.447876447876448,9.584942084942085,classifier448,classifier448,0.0,0.0,0.12897057831287384,0.45575079321861267,0.4175093173980713,0.8049287629925845,179
IMG001402.jpeg,btxrd-heuristic-000840,medium,0.020869140625,0.41823221435170926,0.4133591481122943,-0.004873066239414969,0.01083984375,0.080009765625,7.381081081081082,0.5194197473093122,3.8338792700046795,external_saliency,layercam320,0.00990990990990991,0.1249847430733553,0.1019706204533577,0.33509892225265503,0.3892692029476166,0.9769813519813515,143
IMG001405.jpeg,btxrd-heuristic-000842,medium,0.038134765625,0.41493610223642174,0.5277228398008593,0.11278673756443758,0.010771484375,0.10505859375,9.753399818676337,0.2824583866837388,2.7549295774647886,classifier448,classifier448,0.0,0.0006506785647889942,0.16280385851860046,0.4703277349472046,0.3905610144138336,0.9648668422592918,135
IMG001448.jpeg,btxrd-heuristic-000868,small,0.007421875,0.8702290076335878,0.12243507875691784,-0.74779392887667,0.006650390625,0.107275390625,16.130690161527166,0.8960526315789473,14.453947368421053,classifier448,layercam320,0.0,0.008375056895766954,0.03331274166703224,0.3621408939361572,0.38834112882614136,0.9530214758436006,116
IMG001453.jpeg,btxrd-heuristic-000871,medium,0.0178515625,0.7266464032421479,0.24545821558336697,-0.4811881876587809,0.030341796875,0.12728515625,4.195043450273576,1.6996717724288841,7.13019693654267,layercam320,layercam320,0.0,0.0,0.12337635457515717,0.45216357707977295,0.4079780876636505,0.9893949121746749,144
IMG001454.jpeg,btxrd-heuristic-000872,medium,0.012158203125,0.5207100591715976,0.08072717141464095,-0.4399828877569567,0.004345703125,0.268251953125,61.728089887640444,0.357429718875502,22.063453815261045,layercam320,external_saliency,0.0,0.32039753904401325,0.689971923828125,0.5978295803070068,0.4115871787071228,0.932260989066163,203
IMG001455.jpeg,btxrd-heuristic-000873,medium,0.01640625,0.5240992044922789,0.5240992044922789,0.0,0.046201171875,0.046201171875,1.0,2.8160714285714286,2.8160714285714286,layercam320,layercam320,0.0,0.0,0.9910781979560852,0.6272410750389099,0.4167175889015198,0.9946555129545716,152
IMG001468.jpeg,btxrd-heuristic-000880,medium,0.0128515625,0.8017777777777778,0.8277167739492617,0.025938996171483875,0.00912109375,0.012939453125,1.4186295503211992,0.709726443768997,1.006838905775076,classifier448,external_saliency,0.0,0.0,0.9113394618034363,0.6422731876373291,0.39025065302848816,0.9817919570737763,162
IMG001473.jpeg,btxrd-heuristic-000883,medium,0.0123828125,0.0,0.03435243758720182,0.03435243758720182,0.0153515625,0.708544921875,46.15458015267175,1.2397476340694007,57.22003154574133,layercam320,classifier448,0.0,0.15420026187030528,0.1933489888906479,0.654036283493042,0.3991817831993103,0.8657870728956308,189
IMG001476.jpeg,btxrd-heuristic-000885,small,0.0073828125,0.5232800555941626,0.0432556143613217,-0.4800244412328409,0.02072265625,0.333974609375,16.116399622997175,2.806878306878307,45.23677248677249,classifier448,external_saliency,0.0,0.18041463200678381,0.18474051356315613,0.5060217380523682,0.43238285183906555,0.901862094723669,179
IMG001483.jpeg,btxrd-heuristic-000889,medium,0.013828125,0.47939743021710235,0.18500130650640187,-0.29439612371070045,0.008212890625,0.1356640625,16.518430439952436,0.5939265536723164,9.810734463276836,layercam320,classifier448,0.0,0.0005038871292830406,0.20782826840877533,0.5473945736885071,0.39694780111312866,0.9936661377398235,237
IMG001490.jpeg,btxrd-heuristic-000893,medium,0.021162109375,0.8018801410105758,0.5508077910312548,-0.25107234997932104,0.020390625,0.043515625,2.134099616858238,0.9635440701430549,2.0562990309183204,external_saliency,layercam320,0.0,0.019299820466786355,0.6508280038833618,0.5588060021400452,0.3882467746734619,0.9920906679527365,144
IMG001491.jpeg,btxrd-heuristic-000893,medium,0.01826171875,0.49093904448105435,0.49093904448105435,0.0,0.02916015625,0.02916015625,1.0,1.5967914438502673,1.5967914438502673,layercam320,layercam320,0.0,0.0,0.28846651315689087,0.42905595898628235,0.3799513876438141,0.9234887232856906,141
IMG001517.jpeg,btxrd-heuristic-000907,large,0.162626953125,0.04059301094246382,0.457758108197371,0.4171650972549072,0.003369140625,0.133056640625,39.492753623188406,0.020716987930102685,0.8181709001381132,layercam320,classifier448,0.0,0.023192660550458717,0.9992551207542419,0.6979436278343201,0.41933751106262207,0.978671273810045,240
IMG001538.jpeg,btxrd-heuristic-000916,medium,0.03392578125,0.5380007779074291,0.5380007779074291,0.0,0.091611328125,0.091611328125,1.0,2.7003454231433506,2.7003454231433506,layercam320,layercam320,0.005116725295810681,0.005116725295810681,0.1911524534225464,0.36164629459381104,0.42076411843299866,0.8541887731633879,134
IMG001539.jpeg,btxrd-heuristic-000916,medium,0.018896484375,0.46807477543092985,0.09944751381215469,-0.3686272616187751,0.061552734375,0.3611328125,5.867047437728066,3.2573643410852715,19.11111111111111,layercam320,layercam320,0.0,0.19586262844780963,0.33637532591819763,0.3722148835659027,0.442987322807312,0.9316102473061354,135
IMG001551.jpeg,btxrd-heuristic-000922,large,0.154765625,0.7257351925997515,0.8217702981263268,0.09603510552657535,0.1281640625,0.162646484375,1.2690490704053643,0.8281171125694093,1.0509212518929834,classifier448,layercam320,0.08495885400792441,0.12230561392975083,0.8224443793296814,0.6029959917068481,0.4109655022621155,0.9947045636234408,180
IMG001563.jpeg,btxrd-heuristic-000930,large,0.105966796875,0.13121643707681532,0.2489530387691178,0.11773660169230249,0.01951171875,0.74517578125,38.19119119119119,0.18413049488526403,7.032162934291771,classifier448,classifier448,0.0,0.2482897806201347,0.7238526940345764,0.4356038570404053,0.41979342699050903,0.9494737060728513,188
IMG001580.jpeg,btxrd-heuristic-000940,large,0.06173828125,0.605293979854767,0.15684036865673492,-0.44845361119803206,0.063330078125,0.725537109375,11.45643793369314,1.0257829800695983,11.751819044606137,classifier448,classifier448,0.0,0.23801063328622385,0.8062741160392761,0.6298308968544006,0.4041743874549866,0.9619439426451942,162
IMG001581.jpeg,btxrd-heuristic-000940,medium,0.024658203125,0.6522862309480755,0.6522862309480755,0.0,0.050947265625,0.050947265625,1.0,2.066138613861386,2.066138613861386,layercam320,layercam320,0.0,0.0,0.8587185740470886,0.6739912033081055,0.4330449104309082,0.9603921738409228,195
IMG001601.jpeg,btxrd-heuristic-000951,medium,0.016171875,0.5484193011647255,0.062157495683507244,-0.4862618054812182,0.013173828125,0.5041796875,38.27131208302446,0.8146135265700483,31.17632850241546,classifier448,classifier448,0.0,0.14366235376152475,0.5411057472229004,0.5741492509841919,0.42511773109436035,0.9859248605515076,153
IMG001606.jpeg,btxrd-heuristic-000955,medium,0.044375,0.0,0.5112377537299098,0.5112377537299098,0.001513671875,0.108134765625,71.43870967741935,0.03411091549295775,2.4368397887323945,classifier448,layercam320,0.0,0.10999729070712544,0.9999984502792358,0.6336439847946167,0.4047476351261139,0.9836953479006049,188
IMG001607.jpeg,btxrd-heuristic-000956,small,0.0073046875,0.9132947976878613,0.9132947976878613,0.0,0.0062109375,0.0062109375,1.0,0.8502673796791443,0.8502673796791443,external_saliency,external_saliency,0.0,0.0,0.48031681776046753,0.4482535421848297,0.4259883761405945,0.988219782562514,225
IMG001612.jpeg,btxrd-heuristic-000959,medium,0.02072265625,0.715907165847874,0.715907165847874,0.0,0.036923828125,0.036923828125,1.0,1.7818096135721018,1.7818096135721018,layercam320,layercam320,0.0,0.0,0.13873505592346191,0.33325818181037903,0.35464900732040405,0.90575307123872,171
IMG001617.jpeg,btxrd-heuristic-000962,medium,0.0252734375,0.6992034757422158,0.6992034757422158,0.0,0.042158203125,0.042158203125,1.0,1.6680834621329212,1.6680834621329212,classifier448,classifier448,0.000926569376882094,0.000926569376882094,0.17380742728710175,0.5279489755630493,0.3788963854312897,0.9903645011765465,144
IMG001632.jpeg,btxrd-heuristic-000972,medium,0.022890625,0.06640602867017961,0.06640602867017961,0.0,0.6665234375,0.6665234375,1.0,29.11774744027304,29.11774744027304,external_saliency,external_saliency,0.18059544042665415,0.18059544042665415,0.26632750034332275,0.5497108697891235,0.4359826147556305,0.940644069647342,198
IMG001638.jpeg,btxrd-heuristic-000978,medium,0.01123046875,0.6436583261432269,0.051301496665402714,-0.5923568294778242,0.022724609375,0.426591796875,18.772238934250108,2.0234782608695654,37.985217391304346,classifier448,classifier448,0.0,0.0003433830094086945,0.9999997615814209,0.6003457903862,0.4503798484802246,0.922784729388941,174
IMG001642.jpeg,btxrd-heuristic-000981,large,0.217353515625,0.07914226662073717,0.20942964080218981,0.13028737418145264,0.009443359375,0.132275390625,14.007238883143742,0.04344700543649189,0.6085725839061868,classifier448,classifier448,0.0,0.33946105574012553,1.0,0.7715278267860413,0.3719770312309265,0.9854615714578473,234
IMG001643.jpeg,btxrd-heuristic-000982,medium,0.01537109375,0.12833453496755587,0.13812523156724713,0.009790696599691256,0.01171875,0.116416015625,9.934166666666666,0.7623888182973316,7.573697585768742,classifier448,classifier448,0.0,0.0022649106618572268,1.0,0.4963287115097046,0.46924442052841187,0.9845901342789081,168
IMG001661.jpeg,btxrd-heuristic-000993,medium,0.041533203125,0.9453345900094251,0.9453345900094251,0.0,0.041357421875,0.041357421875,1.0,0.9957676933928992,0.9957676933928992,classifier448,classifier448,0.0,0.0,0.9999521970748901,0.46743276715278625,0.4323125183582306,0.9229022780073716,171
IMG001666.jpeg,btxrd-heuristic-000997,medium,0.04208984375,0.0775055679287305,0.2341681938505396,0.1566626259218091,0.0017578125,0.2456640625,139.75555555555556,0.04176334106728538,5.836658932714617,classifier448,classifier448,0.0,0.07075846716489108,0.9734978079795837,0.49066007137298584,0.39848968386650085,0.9849383133937091,180
IMG001716.jpeg,btxrd-heuristic-001029,medium,0.0280859375,0.4403470715835141,0.758420972412742,0.3180739008292279,0.0079296875,0.035986328125,4.538177339901479,0.282336578581363,1.2812934631432544,layercam320,classifier448,0.0,0.0032564450474898234,0.9999967813491821,0.7190711498260498,0.3515702784061432,0.970259647113446,203
IMG001719.jpeg,btxrd-heuristic-001031,small,0.002255859375,0.7670682730923695,0.06804123711340206,-0.6990270359789674,0.002607421875,0.064052734375,24.565543071161052,1.155844155844156,28.393939393939394,classifier448,external_saliency,0.0,0.18676627534685167,1.0,0.3138888478279114,0.4072401225566864,0.9154541653818513,165
IMG001723.jpeg,btxrd-heuristic-001033,medium,0.012490234375,0.0,0.03773584905660377,0.03773584905660377,0.01845703125,0.071357421875,3.866137566137566,1.4777169663799843,5.7130570758405,classifier448,classifier448,0.0,0.0,0.9999986886978149,0.5745019912719727,0.4539232850074768,0.8632498324792259,202
IMG001744.jpeg,btxrd-heuristic-001047,medium,0.016689453125,0.7570877750056703,0.7570877750056703,0.0,0.0263671875,0.0263671875,1.0,1.579871269748391,1.579871269748391,classifier448,classifier448,0.0,0.0,0.9999991655349731,0.3370695412158966,0.42469874024391174,0.8866140727097702,176
IMG001759.jpeg,btxrd-heuristic-001056,small,0.001513671875,0.1183206106870229,0.002060250892775387,-0.11626035979424752,0.024072265625,0.851689453125,35.380527383367145,15.903225806451612,562.6645161290322,classifier448,external_saliency,0.0,0.3294921628656278,0.9999994039535522,0.26009589433670044,0.37966105341911316,0.8495878319075841,196
IMG001760.jpeg,btxrd-heuristic-001057,medium,0.01982421875,0.5040807857241666,0.5040807857241666,0.0,0.050771484375,0.050771484375,1.0,2.5610837438423646,2.5610837438423646,classifier448,classifier448,0.2233121754183497,0.2233121754183497,0.9999997615814209,0.542695939540863,0.4132486581802368,0.9435942634962017,224
IMG001761.jpeg,btxrd-heuristic-001057,medium,0.047177734375,0.4182160868014874,0.1577460021998477,-0.26047008460163973,0.14453125,0.529921875,3.6664864864864866,3.0635479196853654,11.23245704823018,classifier448,external_saliency,0.11554054054054054,0.15535161432994252,1.0,0.6458325386047363,0.4055918753147125,0.9973997214868651,144
IMG001781.jpeg,btxrd-heuristic-001069,small,0.003828125,0.0,0.00913870076583245,0.00913870076583245,0.019892578125,0.833955078125,41.922925871379476,5.196428571428571,217.84948979591837,classifier448,external_saliency,0.0,0.27039591554738457,0.9992300271987915,0.5400310158729553,0.4055206775665283,0.9406968300062564,204
IMG001782.jpeg,btxrd-heuristic-001070,medium,0.03607421875,0.0,0.0,0.0,0.01572265625,0.01572265625,1.0,0.4358419057931781,0.4358419057931781,classifier448,classifier448,0.808695652173913,0.808695652173913,1.0,0.5876283645629883,0.42229869961738586,0.9908879458763906,210
IMG001785.jpeg,btxrd-heuristic-001073,medium,0.0275,0.0,0.06006303176327593,0.06006303176327593,0.004326171875,0.880400390625,203.5056433408578,0.1573153409090909,32.01455965909091,classifier448,layercam320,0.36794582392776526,0.2997016183598993,1.0,0.66427081823349,0.38489004969596863,0.9878502885854137,225
IMG001786.jpeg,btxrd-heuristic-001074,small,0.001015625,0.21891604675876727,0.003836698204574238,-0.21507934855419303,0.008173828125,0.5233203125,64.02389486260455,8.048076923076923,515.2692307692307,layercam320,layercam320,0.0,0.2006232738672837,1.0,0.5139983892440796,0.42299097776412964,0.9757336603921156,189
IMG001791.jpeg,btxrd-heuristic-001077,medium,0.012041015625,0.3003023177695667,0.3003023177695667,0.0,0.046103515625,0.046103515625,1.0,3.8288726682887266,3.8288726682887266,classifier448,classifier448,0.3005719127303537,0.3005719127303537,0.9999964237213135,0.443482369184494,0.4492173492908478,0.964382695485489,198
IMG001795.jpeg,btxrd-heuristic-001080,large,0.101982421875,0.5768263676520557,0.8021175224986765,0.22529115484662077,0.04171875,0.082490234375,1.9772940074906367,0.40907785119218615,0.8088671837594561,layercam320,classifier448,0.0,0.0,1.0,0.5436999797821045,0.4027802646160126,0.9905932309367214,210
IMG001798.jpeg,btxrd-heuristic-001083,small,0.001044921875,0.0,0.0,0.0,0.005234375,0.0701171875,13.3955223880597,5.009345794392523,67.10280373831776,layercam320,layercam320,0.08955223880597014,0.7284122562674095,0.999993085861206,0.2428082823753357,0.37065938115119934,0.9045836988895419,216
IMG001828.jpeg,btxrd-heuristic-001104,medium,0.018896484375,0.661474370585039,0.4462638376383764,-0.2152105329466626,0.03501953125,0.065791015625,1.878694924707195,1.8532299741602067,3.481653746770026,classifier448,classifier448,0.0,0.0,0.9999915361404419,0.4016704559326172,0.4226883053779602,0.9366954057980253,189
IMG001858.jpeg,btxrd-heuristic-001118,medium,0.03642578125,0.06018158236057069,0.1717841943897863,0.11160261202921559,0.001220703125,0.176982421875,144.98399999999998,0.03351206434316354,4.8587131367292224,classifier448,classifier448,0.0,0.00673177729956409,0.9999841451644897,0.4324900507926941,0.45069265365600586,0.897280351525441,183
IMG001867.jpeg,btxrd-heuristic-001123,large,0.134150390625,0.0,0.2903982749873161,0.2903982749873161,0.00572265625,0.789755859375,138.00511945392492,0.0426585135036762,5.887093251801703,classifier448,external_saliency,0.0,0.31624438921244946,0.9774264693260193,0.5273937582969666,0.4050407111644745,0.9913197249919737,162
