method,image_id,group_id,tumor,size_group,dice,candidate_source,candidate_oracle_dice_common320,selector_regret_common320,primary_failure,all_failure_flags,candidate_supply_failure,selector_choice_failure,complete_miss,over_segmentation,under_segmentation,wrong_anatomical_structure,fragmented_mask,missing_component,normal_false_positive,small_lesion_specific_failure
direct_rich_gallery,IMG000001.jpeg,btxrd-heuristic-000001,1,medium_1_to_5pct,0.0,classifier448:layercam,0.8127072414161942,0.8127072414161942,selector_choice_failure,selector_choice_failure;complete_miss;under_segmentation;wrong_anatomical_structure,0,1,1,0,1,1,0,0,0,0
direct_rich_gallery,IMG000010.jpeg,btxrd-heuristic-000006,1,medium_1_to_5pct,0.5934591754659182,external_saliency,0.7541334966319657,0.12857304631584598,fragmented_mask,fragmented_mask,0,0,0,0,0,0,1,0,0,0
direct_rich_gallery,IMG000017.jpeg,btxrd-heuristic-000009,1,medium_1_to_5pct,0.5859316528727447,layercam,0.6037939404836825,0.011199391351205401,fragmented_mask,fragmented_mask,0,0,0,0,0,0,1,0,0,0
direct_rich_gallery,IMG000018.jpeg,btxrd-heuristic-000009,1,large_ge_5pct,0.8368692157565706,external_saliency,0.8580927667855984,0.021678590274132103,fragmented_mask,fragmented_mask,0,0,0,0,0,0,1,0,0,0
direct_rich_gallery,IMG000033.jpeg,btxrd-heuristic-000017,1,medium_1_to_5pct,0.6983952558685891,classifier448:layercam,0.6993328732459168,0.0,fragmented_mask,fragmented_mask,0,0,0,0,0,0,1,0,0,0
direct_rich_gallery,IMG000034.jpeg,btxrd-heuristic-000017,1,medium_1_to_5pct,0.6042185388062887,layercam,0.7657969192077962,0.15934530630457044,over_segmentation,over_segmentation;fragmented_mask,0,0,0,1,0,0,1,0,0,0
direct_rich_gallery,IMG000048.jpeg,btxrd-heuristic-000025,1,medium_1_to_5pct,0.0,classifier448:layercam,0.6259127186279504,0.6259127186279504,selector_choice_failure,selector_choice_failure;complete_miss;under_segmentation;wrong_anatomical_structure;fragmented_mask,0,1,1,0,1,1,1,0,0,0
direct_rich_gallery,IMG000049.jpeg,btxrd-heuristic-000025,1,medium_1_to_5pct,0.0,classifier448:layercam,0.24112009020860742,0.24112009020860742,wrong_anatomical_structure,complete_miss;under_segmentation;wrong_anatomical_structure,0,0,1,0,1,1,0,0,0,0
direct_rich_gallery,IMG000050.jpeg,btxrd-heuristic-000026,1,large_ge_5pct,0.15551743853630645,external_saliency,0.8104371097234612,0.6551730778403658,selector_choice_failure,selector_choice_failure;under_segmentation;fragmented_mask,0,1,0,0,1,0,1,0,0,0
direct_rich_gallery,IMG000055.jpeg,btxrd-heuristic-000029,1,medium_1_to_5pct,0.6274360600295921,layercam,0.8254781420765027,0.19800914804802316,over_segmentation,over_segmentation;fragmented_mask,0,0,0,1,0,0,1,0,0,0
direct_rich_gallery,IMG000056.jpeg,btxrd-heuristic-000029,1,medium_1_to_5pct,0.8226046889822469,external_saliency,0.8643874643874644,0.025309311104663945,fragmented_mask,fragmented_mask,0,0,0,0,0,0,1,0,0,0
direct_rich_gallery,IMG000071.jpeg,btxrd-heuristic-000037,1,large_ge_5pct,0.5519911838410676,classifier448:layercam,0.9158989096441552,0.3632196724011596,selector_choice_failure,selector_choice_failure;fragmented_mask,0,1,0,0,0,0,1,0,0,0
direct_rich_gallery,IMG000076.jpeg,btxrd-heuristic-000039,1,medium_1_to_5pct,0.10968535770785727,layercam,0.7957270029673591,0.6252826711619135,selector_choice_failure,selector_choice_failure;under_segmentation,0,1,0,0,1,0,0,0,0,0
direct_rich_gallery,IMG000125.jpeg,btxrd-heuristic-000063,1,medium_1_to_5pct,0.5009424083769634,classifier448:layercam,0.8184319119669876,0.3081329166696877,selector_choice_failure,selector_choice_failure;fragmented_mask,0,1,0,0,0,0,1,0,0,0
direct_rich_gallery,IMG000126.jpeg,btxrd-heuristic-000063,1,medium_1_to_5pct,0.48455721252385325,classifier448:layercam,0.6907225612452463,0.20553169690822753,selector_choice_failure,selector_choice_failure;fragmented_mask,0,1,0,0,0,0,1,0,0,0
direct_rich_gallery,IMG000137.jpeg,btxrd-heuristic-000069,1,medium_1_to_5pct,0.6157609904366521,layercam,0.8721526780217526,0.2290107133031385,selector_choice_failure,selector_choice_failure;fragmented_mask,0,1,0,0,0,0,1,0,0,0
direct_rich_gallery,IMG000138.jpeg,btxrd-heuristic-000069,1,medium_1_to_5pct,0.7785899123802605,external_saliency,0.7976018193094894,0.017743287024553744,fragmented_mask,fragmented_mask,0,0,0,0,0,0,1,0,0,0
direct_rich_gallery,IMG000144.jpeg,btxrd-heuristic-000073,1,medium_1_to_5pct,0.0,classifier448:layercam,0.0919237191317339,0.0919237191317339,candidate_supply_failure,candidate_supply_failure;complete_miss;under_segmentation;wrong_anatomical_structure,1,0,1,0,1,1,0,0,0,0
direct_rich_gallery,IMG000152.jpeg,btxrd-heuristic-000078,1,large_ge_5pct,0.0009158885191943043,layercam,0.8990815154994259,0.8982460936113725,selector_choice_failure,selector_choice_failure;fragmented_mask,0,1,0,0,0,0,1,0,0,0
direct_rich_gallery,IMG000160.jpeg,btxrd-heuristic-000082,1,medium_1_to_5pct,0.0,classifier448:layercam,0.8912963190939308,0.8912963190939308,selector_choice_failure,selector_choice_failure;complete_miss;wrong_anatomical_structure,0,1,1,0,0,1,0,0,0,0
direct_rich_gallery,IMG000161.jpeg,btxrd-heuristic-000082,1,medium_1_to_5pct,0.49689184247762286,classifier448:layercam,0.7394014962593516,0.24279154359208793,selector_choice_failure,selector_choice_failure;over_segmentation;fragmented_mask,0,1,0,1,0,0,1,0,0,0
direct_rich_gallery,IMG000200.jpeg,btxrd-heuristic-000098,1,medium_1_to_5pct,0.9085775594330566,external_saliency,0.9093598140714135,0.0015521387295520661,none,,0,0,0,0,0,0,0,0,0,0
direct_rich_gallery,IMG000201.jpeg,btxrd-heuristic-000098,1,medium_1_to_5pct,0.6857394366197183,external_saliency,0.7807403572353093,0.09642495729224076,fragmented_mask,fragmented_mask,0,0,0,0,0,0,1,0,0,0
direct_rich_gallery,IMG000202.jpeg,btxrd-heuristic-000099,1,medium_1_to_5pct,0.8521820467101224,layercam,0.8822994360560306,0.0283583154482433,fragmented_mask,fragmented_mask,0,0,0,0,0,0,1,0,0,0
direct_rich_gallery,IMG000222.jpeg,btxrd-heuristic-000109,1,medium_1_to_5pct,0.556915905376805,classifier448:layercam,0.7545157405814553,0.19820215590162293,fragmented_mask,fragmented_mask,0,0,0,0,0,0,1,0,0,0
direct_rich_gallery,IMG000244.jpeg,btxrd-heuristic-000120,1,small_lt_1pct,0.0,layercam,0.03361344537815126,0.03361344537815126,candidate_supply_failure,candidate_supply_failure;complete_miss;over_segmentation;wrong_anatomical_structure;fragmented_mask;missing_component;small_lesion_specific_failure,1,0,1,1,0,1,1,1,0,1
direct_rich_gallery,IMG000245.jpeg,btxrd-heuristic-000121,1,medium_1_to_5pct,0.7444865851945498,layercam,0.803425457376411,0.059105226579440284,none,,0,0,0,0,0,0,0,0,0,0
direct_rich_gallery,IMG000260.jpeg,btxrd-heuristic-000128,1,small_lt_1pct,0.0,classifier448:layercam,0.24216524216524216,0.24216524216524216,small_lesion_specific_failure,complete_miss;over_segmentation;wrong_anatomical_structure;fragmented_mask;small_lesion_specific_failure,0,0,1,1,0,1,1,0,0,1
direct_rich_gallery,IMG000275.jpeg,btxrd-heuristic-000137,1,small_lt_1pct,0.04230388144574161,layercam,0.19430485762144054,0.12054259245904003,small_lesion_specific_failure,over_segmentation;fragmented_mask;missing_component;small_lesion_specific_failure,0,0,0,1,0,0,1,1,0,1
direct_rich_gallery,IMG000279.jpeg,btxrd-heuristic-000140,1,small_lt_1pct,0.0,layercam,0.013140604467805518,0.0035561877667140826,candidate_supply_failure,candidate_supply_failure;complete_miss;over_segmentation;wrong_anatomical_structure;fragmented_mask;small_lesion_specific_failure,1,0,1,1,0,1,1,0,0,1
direct_rich_gallery,IMG000285.jpeg,btxrd-heuristic-000145,1,small_lt_1pct,0.3633479882019033,external_saliency,0.4588744588744589,0.0908189033189033,over_segmentation,over_segmentation;fragmented_mask,0,0,0,1,0,0,1,0,0,0
direct_rich_gallery,IMG000292.jpeg,btxrd-heuristic-000150,1,small_lt_1pct,0.0016985825710657924,external_saliency,0.029950083194675542,0.02832190083825162,candidate_supply_failure,candidate_supply_failure;over_segmentation;fragmented_mask;small_lesion_specific_failure,1,0,0,1,0,0,1,0,0,1
direct_rich_gallery,IMG000300.jpeg,btxrd-heuristic-000156,1,small_lt_1pct,0.06413436326270286,layercam,0.5224839400428265,0.4478706552384589,selector_choice_failure,selector_choice_failure;over_segmentation;fragmented_mask;missing_component;small_lesion_specific_failure,0,1,0,1,0,0,1,1,0,1
direct_rich_gallery,IMG000306.jpeg,btxrd-heuristic-000160,1,small_lt_1pct,0.19668271803103263,external_saliency,0.23521932612841703,0.03661653171723939,over_segmentation,over_segmentation;fragmented_mask,0,0,0,1,0,0,1,0,0,0
direct_rich_gallery,IMG000320.jpeg,btxrd-heuristic-000167,1,small_lt_1pct,0.0,layercam,0.15,0.15,small_lesion_specific_failure,complete_miss;over_segmentation;wrong_anatomical_structure;fragmented_mask;small_lesion_specific_failure,0,0,1,1,0,1,1,0,0,1
direct_rich_gallery,IMG000327.jpeg,btxrd-heuristic-000172,1,small_lt_1pct,0.0,layercam,0.281767955801105,0.281767955801105,small_lesion_specific_failure,complete_miss;over_segmentation;wrong_anatomical_structure;fragmented_mask;small_lesion_specific_failure,0,0,1,1,0,1,1,0,0,1
direct_rich_gallery,IMG000328.jpeg,btxrd-heuristic-000173,1,small_lt_1pct,0.9178013616339608,external_saliency,0.93711467324291,0.020551784077281088,none,,0,0,0,0,0,0,0,0,0,0
direct_rich_gallery,IMG000337.jpeg,btxrd-heuristic-000180,1,small_lt_1pct,0.0,layercam,0.15456674473067916,0.15456674473067916,small_lesion_specific_failure,complete_miss;over_segmentation;wrong_anatomical_structure;small_lesion_specific_failure,0,0,1,1,0,1,0,0,0,1
direct_rich_gallery,IMG000338.jpeg,btxrd-heuristic-000181,1,small_lt_1pct,0.0,classifier448:layercam,0.4326923076923077,0.4326923076923077,selector_choice_failure,selector_choice_failure;complete_miss;over_segmentation;wrong_anatomical_structure;fragmented_mask;small_lesion_specific_failure,0,1,1,1,0,1,1,0,0,1
direct_rich_gallery,IMG000340.jpeg,btxrd-heuristic-000183,1,small_lt_1pct,0.3366108465202028,layercam,0.8717948717948718,0.5155058464667005,selector_choice_failure,selector_choice_failure;over_segmentation,0,1,0,1,0,0,0,0,0,0
direct_rich_gallery,IMG000372.jpeg,btxrd-heuristic-000203,1,small_lt_1pct,0.0,classifier448:layercam,0.00042923060414207535,0.00042923060414207535,candidate_supply_failure,candidate_supply_failure;complete_miss;over_segmentation;wrong_anatomical_structure;fragmented_mask;small_lesion_specific_failure,1,0,1,1,0,1,1,0,0,1
direct_rich_gallery,IMG000378.jpeg,btxrd-heuristic-000208,1,small_lt_1pct,0.028804210678106637,classifier448:layercam,0.13629842180774748,0.10724780785147314,small_lesion_specific_failure,over_segmentation;fragmented_mask;small_lesion_specific_failure,0,0,0,1,0,0,1,0,0,1
direct_rich_gallery,IMG000408.jpeg,btxrd-heuristic-000223,1,small_lt_1pct,0.0,classifier448:layercam,0.0035140562248995983,0.0035140562248995983,candidate_supply_failure,candidate_supply_failure;complete_miss;over_segmentation;wrong_anatomical_structure;small_lesion_specific_failure,1,0,1,1,0,1,0,0,0,1
direct_rich_gallery,IMG000414.jpeg,btxrd-heuristic-000228,1,small_lt_1pct,0.0,classifier448:layercam,0.006128201985537443,0.006128201985537443,candidate_supply_failure,candidate_supply_failure;complete_miss;over_segmentation;wrong_anatomical_structure;small_lesion_specific_failure,1,0,1,1,0,1,0,0,0,1
direct_rich_gallery,IMG000415.jpeg,btxrd-heuristic-000229,1,medium_1_to_5pct,0.7830346018708346,classifier448:layercam,0.8664425968512295,0.08204757235066407,fragmented_mask,fragmented_mask,0,0,0,0,0,0,1,0,0,0
direct_rich_gallery,IMG000416.jpeg,btxrd-heuristic-000230,1,small_lt_1pct,0.0,classifier448:layercam,0.05965909090909091,0.05965909090909091,candidate_supply_failure,candidate_supply_failure;complete_miss;over_segmentation;wrong_anatomical_structure;fragmented_mask;missing_component;small_lesion_specific_failure,1,0,1,1,0,1,1,1,0,1
direct_rich_gallery,IMG000420.jpeg,btxrd-heuristic-000233,1,small_lt_1pct,0.8427043808209728,classifier448:layercam,0.8987854251012146,0.0510487995868113,none,,0,0,0,0,0,0,0,0,0,0
direct_rich_gallery,IMG000439.jpeg,btxrd-heuristic-000244,1,small_lt_1pct,0.0,classifier448:layercam,0.004545454545454545,0.004545454545454545,candidate_supply_failure,candidate_supply_failure;complete_miss;over_segmentation;wrong_anatomical_structure;fragmented_mask;small_lesion_specific_failure,1,0,1,1,0,1,1,0,0,1
direct_rich_gallery,IMG000467.jpeg,btxrd-heuristic-000260,1,small_lt_1pct,0.3237768424963216,classifier448:layercam,0.6202764976958526,0.2958247174553433,selector_choice_failure,selector_choice_failure;over_segmentation,0,1,0,1,0,0,0,0,0,0
direct_rich_gallery,IMG000478.jpeg,btxrd-heuristic-000267,1,small_lt_1pct,0.36825143692481477,layercam,0.5906735751295337,0.2154240741315297,selector_choice_failure,selector_choice_failure;under_segmentation,0,1,0,0,1,0,0,0,0,0
direct_rich_gallery,IMG000481.jpeg,btxrd-heuristic-000269,1,small_lt_1pct,0.5585120123998967,classifier448:layercam,0.7661290322580645,0.16264519387239773,none,,0,0,0,0,0,0,0,0,0,0
direct_rich_gallery,IMG000496.jpeg,btxrd-heuristic-000278,1,small_lt_1pct,0.2686186634797331,classifier448:layercam,0.27313432835820894,0.0,over_segmentation,over_segmentation,0,0,0,1,0,0,0,0,0,0
direct_rich_gallery,IMG000513.jpeg,btxrd-heuristic-000287,1,small_lt_1pct,0.0,layercam,0.15112899619941875,0.15112899619941875,small_lesion_specific_failure,complete_miss;over_segmentation;wrong_anatomical_structure;fragmented_mask;small_lesion_specific_failure,0,0,1,1,0,1,1,0,0,1
direct_rich_gallery,IMG000542.jpeg,btxrd-heuristic-000302,1,small_lt_1pct,0.0,classifier448:layercam,0.48,0.48,selector_choice_failure,selector_choice_failure;complete_miss;over_segmentation;wrong_anatomical_structure;fragmented_mask;small_lesion_specific_failure,0,1,1,1,0,1,1,0,0,1
direct_rich_gallery,IMG000548.jpeg,btxrd-heuristic-000305,1,small_lt_1pct,0.07215912656083329,layercam,0.671875,0.5732672470455673,selector_choice_failure,selector_choice_failure;over_segmentation;fragmented_mask;small_lesion_specific_failure,0,1,0,1,0,0,1,0,0,1
direct_rich_gallery,IMG000549.jpeg,btxrd-heuristic-000305,1,small_lt_1pct,0.0,layercam,0.06199575371549894,0.05623381428042915,candidate_supply_failure,candidate_supply_failure;complete_miss;over_segmentation;wrong_anatomical_structure;small_lesion_specific_failure,1,0,1,1,0,1,0,0,0,1
direct_rich_gallery,IMG000555.jpeg,btxrd-heuristic-000308,1,small_lt_1pct,0.0,layercam,0.04909365558912387,0.04909365558912387,candidate_supply_failure,candidate_supply_failure;complete_miss;over_segmentation;wrong_anatomical_structure;small_lesion_specific_failure,1,0,1,1,0,1,0,0,0,1
direct_rich_gallery,IMG000556.jpeg,btxrd-heuristic-000308,1,small_lt_1pct,0.0,classifier448:layercam,0.027014652014652016,0.027014652014652016,candidate_supply_failure,candidate_supply_failure;complete_miss;over_segmentation;wrong_anatomical_structure;fragmented_mask;small_lesion_specific_failure,1,0,1,1,0,1,1,0,0,1
direct_rich_gallery,IMG000562.jpeg,btxrd-heuristic-000311,1,small_lt_1pct,0.2974294838868169,layercam,0.3897667419112114,0.09083837191685157,over_segmentation,over_segmentation,0,0,0,1,0,0,0,0,0,0
direct_rich_gallery,IMG000576.jpeg,btxrd-heuristic-000320,1,small_lt_1pct,0.0,classifier448:layercam,0.35666148263348885,0.35666148263348885,selector_choice_failure,selector_choice_failure;complete_miss;over_segmentation;wrong_anatomical_structure;fragmented_mask;small_lesion_specific_failure,0,1,1,1,0,1,1,0,0,1
direct_rich_gallery,IMG000582.jpeg,btxrd-heuristic-000324,1,small_lt_1pct,0.0,layercam,0.0862155388471178,0.0862155388471178,candidate_supply_failure,candidate_supply_failure;complete_miss;over_segmentation;wrong_anatomical_structure;small_lesion_specific_failure,1,0,1,1,0,1,0,0,0,1
direct_rich_gallery,IMG000612.jpeg,btxrd-heuristic-000341,1,small_lt_1pct,0.0,layercam,0.49079754601226994,0.49079754601226994,selector_choice_failure,selector_choice_failure;complete_miss;over_segmentation;wrong_anatomical_structure;fragmented_mask;small_lesion_specific_failure,0,1,1,1,0,1,1,0,0,1
direct_rich_gallery,IMG000628.jpeg,btxrd-heuristic-000349,1,small_lt_1pct,0.0013240476062170252,external_saliency,0.08995215311004785,0.0886329131209879,candidate_supply_failure,candidate_supply_failure;over_segmentation;fragmented_mask;small_lesion_specific_failure,1,0,0,1,0,0,1,0,0,1
direct_rich_gallery,IMG000636.jpeg,btxrd-heuristic-000354,1,small_lt_1pct,0.0,layercam,0.0739198334200937,0.0739198334200937,candidate_supply_failure,candidate_supply_failure;complete_miss;over_segmentation;wrong_anatomical_structure;small_lesion_specific_failure,1,0,1,1,0,1,0,0,0,1
direct_rich_gallery,IMG000641.jpeg,btxrd-heuristic-000358,1,small_lt_1pct,0.00693435394517003,layercam,0.024771838331160364,0.018163908815741862,candidate_supply_failure,candidate_supply_failure;over_segmentation;fragmented_mask;small_lesion_specific_failure,1,0,0,1,0,0,1,0,0,1
direct_rich_gallery,IMG000642.jpeg,btxrd-heuristic-000359,1,small_lt_1pct,0.828273371673131,classifier448:layercam,0.8469387755102041,0.0,none,,0,0,0,0,0,0,0,0,0,0
direct_rich_gallery,IMG000660.jpeg,btxrd-heuristic-000370,1,large_ge_5pct,0.25480762733624335,classifier448:layercam,0.8034104152609949,0.5480018357085161,selector_choice_failure,selector_choice_failure;under_segmentation;missing_component,0,1,0,0,1,0,0,1,0,0
direct_rich_gallery,IMG000672.jpeg,btxrd-heuristic-000377,1,small_lt_1pct,0.0035175372368370693,classifier448:layercam,0.21621621621621623,0.21276963817584202,small_lesion_specific_failure,over_segmentation;fragmented_mask;small_lesion_specific_failure,0,0,0,1,0,0,1,0,0,1
direct_rich_gallery,IMG000681.jpeg,btxrd-heuristic-000383,1,small_lt_1pct,0.006922189462889373,classifier448:layercam,0.36942675159235666,0.36262568285298336,selector_choice_failure,selector_choice_failure;over_segmentation;fragmented_mask;small_lesion_specific_failure,0,1,0,1,0,0,1,0,0,1
direct_rich_gallery,IMG000682.jpeg,btxrd-heuristic-000384,1,small_lt_1pct,0.03765536230197972,layercam,0.1505981703026038,0.1130381590063598,small_lesion_specific_failure,over_segmentation;fragmented_mask;small_lesion_specific_failure,0,0,0,1,0,0,1,0,0,1
direct_rich_gallery,IMG000699.jpeg,btxrd-heuristic-000394,1,small_lt_1pct,0.026693735258517877,layercam,0.19640179910044978,0.16970205310245817,small_lesion_specific_failure,over_segmentation;fragmented_mask;small_lesion_specific_failure,0,0,0,1,0,0,1,0,0,1
direct_rich_gallery,IMG000727.jpeg,btxrd-heuristic-000411,1,small_lt_1pct,0.0,layercam,0.42455242966751916,0.42455242966751916,selector_choice_failure,selector_choice_failure;complete_miss;over_segmentation;wrong_anatomical_structure;small_lesion_specific_failure,0,1,1,1,0,1,0,0,0,1
direct_rich_gallery,IMG000747.jpeg,btxrd-heuristic-000422,1,small_lt_1pct,0.08553314121037464,layercam,0.18116591928251122,0.09807609588014811,small_lesion_specific_failure,over_segmentation;fragmented_mask;small_lesion_specific_failure,0,0,0,1,0,0,1,0,0,1
direct_rich_gallery,IMG000749.jpeg,btxrd-heuristic-000424,1,small_lt_1pct,0.8017148981779206,external_saliency,0.8717948717948718,0.06864526549565919,none,,0,0,0,0,0,0,0,0,0,0
direct_rich_gallery,IMG000750.jpeg,btxrd-heuristic-000425,1,small_lt_1pct,0.0,layercam,0.02857142857142857,0.02857142857142857,candidate_supply_failure,candidate_supply_failure;complete_miss;wrong_anatomical_structure;small_lesion_specific_failure,1,0,1,0,0,1,0,0,0,1
direct_rich_gallery,IMG000751.jpeg,btxrd-heuristic-000426,1,small_lt_1pct,0.0775776766277459,classifier448:layercam,0.18382352941176472,0.10561123890897142,small_lesion_specific_failure,over_segmentation;fragmented_mask;small_lesion_specific_failure,0,0,0,1,0,0,1,0,0,1
direct_rich_gallery,IMG000762.jpeg,btxrd-heuristic-000434,1,small_lt_1pct,0.00705764233404205,classifier448:layercam,0.7216494845360825,0.7146698418273164,selector_choice_failure,selector_choice_failure;over_segmentation;fragmented_mask;small_lesion_specific_failure,0,1,0,1,0,0,1,0,0,1
direct_rich_gallery,IMG000763.jpeg,btxrd-heuristic-000435,1,small_lt_1pct,0.034284372431607375,classifier448:layercam,0.34782608695652173,0.2856660533834217,selector_choice_failure,selector_choice_failure;over_segmentation;fragmented_mask;small_lesion_specific_failure,0,1,0,1,0,0,1,0,0,1
direct_rich_gallery,IMG000793.jpeg,btxrd-heuristic-000452,1,medium_1_to_5pct,0.0,layercam,0.8387662110059586,0.8387662110059586,selector_choice_failure,selector_choice_failure;complete_miss;over_segmentation;wrong_anatomical_structure;fragmented_mask,0,1,1,1,0,1,1,0,0,0
direct_rich_gallery,IMG000794.jpeg,btxrd-heuristic-000452,1,medium_1_to_5pct,0.04309987567343556,classifier448:layercam,0.5268611944368694,0.48555956740307715,selector_choice_failure,selector_choice_failure;under_segmentation;fragmented_mask,0,1,0,0,1,0,1,0,0,0
direct_rich_gallery,IMG000838.jpeg,btxrd-heuristic-000476,1,small_lt_1pct,0.0,layercam,0.09386281588447654,0.09386281588447654,candidate_supply_failure,candidate_supply_failure;complete_miss;wrong_anatomical_structure;small_lesion_specific_failure,1,0,1,0,0,1,0,0,0,1
direct_rich_gallery,IMG000876.jpeg,btxrd-heuristic-000501,1,small_lt_1pct,0.01041707038010006,classifier448:layercam,0.09230769230769231,0.0601352263220856,candidate_supply_failure,candidate_supply_failure;over_segmentation;fragmented_mask;small_lesion_specific_failure,1,0,0,1,0,0,1,0,0,1
direct_rich_gallery,IMG000895.jpeg,btxrd-heuristic-000513,1,small_lt_1pct,0.001289257319928073,layercam,0.06701030927835051,0.049766345739454036,candidate_supply_failure,candidate_supply_failure;over_segmentation;fragmented_mask;small_lesion_specific_failure,1,0,0,1,0,0,1,0,0,1
direct_rich_gallery,IMG000899.jpeg,btxrd-heuristic-000516,1,small_lt_1pct,0.0,layercam,0.15067961165048543,0.12559604138551506,small_lesion_specific_failure,complete_miss;over_segmentation;wrong_anatomical_structure;fragmented_mask;small_lesion_specific_failure,0,0,1,1,0,1,1,0,0,1
direct_rich_gallery,IMG000901.jpeg,btxrd-heuristic-000518,1,small_lt_1pct,0.004823855176549057,classifier448:layercam,0.1,0.09518963922294173,small_lesion_specific_failure,over_segmentation;fragmented_mask;small_lesion_specific_failure,0,0,0,1,0,0,1,0,0,1
direct_rich_gallery,IMG000902.jpeg,btxrd-heuristic-000519,1,small_lt_1pct,0.018543278061702632,classifier448:layercam,0.7350427350427351,0.7167525867816849,selector_choice_failure,selector_choice_failure;over_segmentation;fragmented_mask;small_lesion_specific_failure,0,1,0,1,0,0,1,0,0,1
direct_rich_gallery,IMG000905.jpeg,btxrd-heuristic-000521,1,small_lt_1pct,0.11353308020696032,layercam,0.20705346985210465,0.0927511780041209,over_segmentation,over_segmentation;fragmented_mask,0,0,0,1,0,0,1,0,0,0
direct_rich_gallery,IMG000917.jpeg,btxrd-heuristic-000527,1,small_lt_1pct,0.0,classifier448:layercam,0.038510911424903725,0.038510911424903725,candidate_supply_failure,candidate_supply_failure;complete_miss;over_segmentation;wrong_anatomical_structure;fragmented_mask;small_lesion_specific_failure,1,0,1,1,0,1,1,0,0,1
direct_rich_gallery,IMG000918.jpeg,btxrd-heuristic-000528,1,small_lt_1pct,0.0,classifier448:layercam,0.05226480836236934,0.05226480836236934,candidate_supply_failure,candidate_supply_failure;complete_miss;over_segmentation;wrong_anatomical_structure;fragmented_mask;missing_component;small_lesion_specific_failure,1,0,1,1,0,1,1,1,0,1
direct_rich_gallery,IMG000924.jpeg,btxrd-heuristic-000533,1,small_lt_1pct,0.005365269930947897,layercam,0.005835629761711785,0.0,candidate_supply_failure,candidate_supply_failure;over_segmentation;fragmented_mask;small_lesion_specific_failure,1,0,0,1,0,0,1,0,0,1
direct_rich_gallery,IMG000928.jpeg,btxrd-heuristic-000536,1,small_lt_1pct,0.5701211971308434,layercam,0.7532467532467533,0.15106172296182196,none,,0,0,0,0,0,0,0,0,0,0
direct_rich_gallery,IMG000930.jpeg,btxrd-heuristic-000538,1,small_lt_1pct,0.7223758725141578,classifier448:layercam,0.8895184135977338,0.1616272571351487,none,,0,0,0,0,0,0,0,0,0,0
direct_rich_gallery,IMG000931.jpeg,btxrd-heuristic-000539,1,small_lt_1pct,0.003968738325880391,layercam,0.04371584699453552,0.039621082443497206,candidate_supply_failure,candidate_supply_failure;over_segmentation;fragmented_mask;small_lesion_specific_failure,1,0,0,1,0,0,1,0,0,1
direct_rich_gallery,IMG000932.jpeg,btxrd-heuristic-000540,1,small_lt_1pct,0.052286510408129816,classifier448:layercam,0.18433179723502305,0.11943504207278116,small_lesion_specific_failure,over_segmentation;fragmented_mask;small_lesion_specific_failure,0,0,0,1,0,0,1,0,0,1
direct_rich_gallery,IMG000944.jpeg,btxrd-heuristic-000547,1,small_lt_1pct,0.09226171363647591,classifier448:layercam,0.6549865229110512,0.5505624318038386,selector_choice_failure,selector_choice_failure;over_segmentation;fragmented_mask;small_lesion_specific_failure,0,1,0,1,0,0,1,0,0,1
direct_rich_gallery,IMG000963.jpeg,btxrd-heuristic-000561,1,medium_1_to_5pct,0.6772823779193206,layercam,0.8503162333099087,0.17464338798579093,fragmented_mask,fragmented_mask,0,0,0,0,0,0,1,0,0,0
direct_rich_gallery,IMG000969.jpeg,btxrd-heuristic-000566,1,large_ge_5pct,0.2090607578546381,external_saliency,0.5351276671954153,0.3264692611987807,selector_choice_failure,selector_choice_failure;under_segmentation;missing_component,0,1,0,0,1,0,0,1,0,0
direct_rich_gallery,IMG000971.jpeg,btxrd-heuristic-000568,1,small_lt_1pct,0.0,layercam,0.3234624145785877,0.3234624145785877,selector_choice_failure,selector_choice_failure;complete_miss;over_segmentation;wrong_anatomical_structure;fragmented_mask;small_lesion_specific_failure,0,1,1,1,0,1,1,0,0,1
direct_rich_gallery,IMG000993.jpeg,btxrd-heuristic-000581,1,small_lt_1pct,0.746943115364168,classifier448:layercam,0.746268656716418,0.002189642041127149,fragmented_mask,fragmented_mask,0,0,0,0,0,0,1,0,0,0
direct_rich_gallery,IMG000996.jpeg,btxrd-heuristic-000583,1,small_lt_1pct,0.003590880807427367,layercam,0.018230563002680965,0.014468593098440199,candidate_supply_failure,candidate_supply_failure;over_segmentation;fragmented_mask;small_lesion_specific_failure,1,0,0,1,0,0,1,0,0,1
direct_rich_gallery,IMG001006.jpeg,btxrd-heuristic-000591,1,small_lt_1pct,0.06918694976696012,layercam,0.15104166666666666,0.08298722311182279,small_lesion_specific_failure,over_segmentation;fragmented_mask;small_lesion_specific_failure,0,0,0,1,0,0,1,0,0,1
direct_rich_gallery,IMG001007.jpeg,btxrd-heuristic-000592,1,medium_1_to_5pct,0.3419644369178662,classifier448:layercam,0.8727366787377134,0.5317033512822382,selector_choice_failure,selector_choice_failure;fragmented_mask,0,1,0,0,0,0,1,0,0,0
direct_rich_gallery,IMG001024.jpeg,btxrd-heuristic-000600,1,small_lt_1pct,0.0,classifier448:layercam,0.5777777777777777,0.5777777777777777,selector_choice_failure,selector_choice_failure;complete_miss;over_segmentation;wrong_anatomical_structure;small_lesion_specific_failure,0,1,1,1,0,1,0,0,0,1
direct_rich_gallery,IMG001030.jpeg,btxrd-heuristic-000605,1,medium_1_to_5pct,0.7065269619971744,layercam,0.7753236862147753,0.07070211890064271,none,,0,0,0,0,0,0,0,0,0,0
direct_rich_gallery,IMG001056.jpeg,btxrd-heuristic-000620,1,small_lt_1pct,0.0,external_saliency,0.26706231454005935,0.26706231454005935,small_lesion_specific_failure,complete_miss;over_segmentation;wrong_anatomical_structure;fragmented_mask;small_lesion_specific_failure,0,0,1,1,0,1,1,0,0,1
direct_rich_gallery,IMG001059.jpeg,btxrd-heuristic-000622,1,small_lt_1pct,0.0012417904689567454,classifier448:layercam,0.027466723008662583,0.026272930728519328,candidate_supply_failure,candidate_supply_failure;over_segmentation;fragmented_mask;small_lesion_specific_failure,1,0,0,1,0,0,1,0,0,1
direct_rich_gallery,IMG001060.jpeg,btxrd-heuristic-000623,1,small_lt_1pct,0.1800356506238859,classifier448:layercam,0.7751937984496124,0.6032929720033314,selector_choice_failure,selector_choice_failure;over_segmentation;fragmented_mask,0,1,0,1,0,0,1,0,0,0
direct_rich_gallery,IMG001092.jpeg,btxrd-heuristic-000639,1,large_ge_5pct,0.08056763261264452,classifier448:layercam,0.499299358359761,0.41815868512736354,selector_choice_failure,selector_choice_failure;under_segmentation;missing_component,0,1,0,0,1,0,0,1,0,0
direct_rich_gallery,IMG001094.jpeg,btxrd-heuristic-000641,1,medium_1_to_5pct,0.12770767743374897,layercam,0.4320506575742815,0.3038283288727961,selector_choice_failure,selector_choice_failure;over_segmentation;fragmented_mask;missing_component,0,1,0,1,0,0,1,1,0,0
direct_rich_gallery,IMG001098.jpeg,btxrd-heuristic-000644,1,small_lt_1pct,0.6950109327883612,layercam,0.9408131755018013,0.24108721049636894,selector_choice_failure,selector_choice_failure;fragmented_mask,0,1,0,0,0,0,1,0,0,0
direct_rich_gallery,IMG001106.jpeg,btxrd-heuristic-000649,1,medium_1_to_5pct,0.0,classifier448:layercam,0.2697138869504536,0.2697138869504536,wrong_anatomical_structure,complete_miss;under_segmentation;wrong_anatomical_structure;missing_component,0,0,1,0,1,1,0,1,0,0
direct_rich_gallery,IMG001136.jpeg,btxrd-heuristic-000669,1,small_lt_1pct,0.010994160066742094,external_saliency,0.05901337021668972,0.042623988493050144,candidate_supply_failure,candidate_supply_failure;over_segmentation;fragmented_mask;small_lesion_specific_failure,1,0,0,1,0,0,1,0,0,1
direct_rich_gallery,IMG001140.jpeg,btxrd-heuristic-000672,1,small_lt_1pct,0.13196513295818163,layercam,0.19221967963386727,0.06568906738896932,over_segmentation,over_segmentation;fragmented_mask,0,0,0,1,0,0,1,0,0,0
direct_rich_gallery,IMG001141.jpeg,btxrd-heuristic-000673,1,small_lt_1pct,0.00019678744496101148,layercam,0.2711864406779661,0.2711864406779661,small_lesion_specific_failure,over_segmentation;fragmented_mask;small_lesion_specific_failure,0,0,0,1,0,0,1,0,0,1
direct_rich_gallery,IMG001174.jpeg,btxrd-heuristic-000693,1,medium_1_to_5pct,0.0,classifier448:layercam,0.706769752970017,0.6725015913430936,selector_choice_failure,selector_choice_failure;complete_miss;under_segmentation;wrong_anatomical_structure,0,1,1,0,1,1,0,0,0,0
direct_rich_gallery,IMG001190.jpeg,btxrd-heuristic-000702,1,large_ge_5pct,0.8603416552725308,layercam,0.8988741455568958,0.039187383059577696,none,,0,0,0,0,0,0,0,0,0,0
direct_rich_gallery,IMG001191.jpeg,btxrd-heuristic-000702,1,medium_1_to_5pct,0.5361470261052603,classifier448:layercam,0.7403424930306651,0.20400164090033934,selector_choice_failure,selector_choice_failure;over_segmentation;fragmented_mask,0,1,0,1,0,0,1,0,0,0
direct_rich_gallery,IMG001202.jpeg,btxrd-heuristic-000707,1,small_lt_1pct,0.8090010976948409,classifier448:layercam,0.863905325443787,0.007498185922760636,none,,0,0,0,0,0,0,0,0,0,0
direct_rich_gallery,IMG001206.jpeg,btxrd-heuristic-000710,1,small_lt_1pct,0.0,classifier448:layercam,0.3482587064676617,0.3482587064676617,selector_choice_failure,selector_choice_failure;complete_miss;over_segmentation;wrong_anatomical_structure;missing_component;small_lesion_specific_failure,0,1,1,1,0,1,0,1,0,1
direct_rich_gallery,IMG001215.jpeg,btxrd-heuristic-000715,1,large_ge_5pct,0.9206044927509259,external_saliency,0.9598104265402844,0.03942405134963867,none,,0,0,0,0,0,0,0,0,0,0
direct_rich_gallery,IMG001216.jpeg,btxrd-heuristic-000715,1,large_ge_5pct,0.8843161966649425,external_saliency,0.9212817188368216,0.03356974282674563,fragmented_mask,fragmented_mask,0,0,0,0,0,0,1,0,0,0
direct_rich_gallery,IMG001219.jpeg,btxrd-heuristic-000717,1,small_lt_1pct,0.0038565593647194936,classifier448:layercam,0.19825072886297376,0.19466475246775042,small_lesion_specific_failure,over_segmentation;fragmented_mask;small_lesion_specific_failure,0,0,0,1,0,0,1,0,0,1
direct_rich_gallery,IMG001231.jpeg,btxrd-heuristic-000724,1,small_lt_1pct,0.01759616719186145,layercam,0.3909348441926346,0.3064044151590077,selector_choice_failure,selector_choice_failure;over_segmentation;fragmented_mask;small_lesion_specific_failure,0,1,0,1,0,0,1,0,0,1
direct_rich_gallery,IMG001235.jpeg,btxrd-heuristic-000727,1,medium_1_to_5pct,0.46784016469302897,layercam,0.46884170550664594,0.0,over_segmentation,over_segmentation;fragmented_mask,0,0,0,1,0,0,1,0,0,0
direct_rich_gallery,IMG001245.jpeg,btxrd-heuristic-000732,1,medium_1_to_5pct,0.1858205499002845,layercam,0.7923006416131989,0.605869017681575,selector_choice_failure,selector_choice_failure;under_segmentation;missing_component,0,1,0,0,1,0,0,1,0,0
direct_rich_gallery,IMG001248.jpeg,btxrd-heuristic-000735,1,small_lt_1pct,0.03913453858999492,classifier448:layercam,0.05555555555555555,0.0023794348842149995,candidate_supply_failure,candidate_supply_failure;over_segmentation;fragmented_mask;small_lesion_specific_failure,1,0,0,1,0,0,1,0,0,1
direct_rich_gallery,IMG001251.jpeg,btxrd-heuristic-000738,1,small_lt_1pct,0.0,layercam,0.3345305284761416,0.3345305284761416,selector_choice_failure,selector_choice_failure;complete_miss;wrong_anatomical_structure;small_lesion_specific_failure,0,1,1,0,0,1,0,0,0,1
direct_rich_gallery,IMG001259.jpeg,btxrd-heuristic-000745,1,small_lt_1pct,0.04648255927502832,external_saliency,0.20454545454545456,0.15902193405987033,small_lesion_specific_failure,over_segmentation;fragmented_mask;small_lesion_specific_failure,0,0,0,1,0,0,1,0,0,1
direct_rich_gallery,IMG001272.jpeg,btxrd-heuristic-000753,1,small_lt_1pct,0.08553582788734024,classifier448:layercam,0.28841607565011823,0.2046951454175601,small_lesion_specific_failure,over_segmentation;fragmented_mask;small_lesion_specific_failure,0,0,0,1,0,0,1,0,0,1
direct_rich_gallery,IMG001280.jpeg,btxrd-heuristic-000760,1,medium_1_to_5pct,0.22481055023627738,external_saliency,0.8328929288658704,0.6084850605398969,selector_choice_failure,selector_choice_failure;under_segmentation,0,1,0,0,1,0,0,0,0,0
direct_rich_gallery,IMG001315.jpeg,btxrd-heuristic-000783,1,medium_1_to_5pct,0.867384514986249,classifier448:layercam,0.8836174944403261,0.01674442942484622,fragmented_mask,fragmented_mask,0,0,0,0,0,0,1,0,0,0
direct_rich_gallery,IMG001352.jpeg,btxrd-heuristic-000808,1,medium_1_to_5pct,0.6460994905143501,layercam,0.6456754130223518,0.0,fragmented_mask,fragmented_mask,0,0,0,0,0,0,1,0,0,0
direct_rich_gallery,IMG001353.jpeg,btxrd-heuristic-000809,1,medium_1_to_5pct,0.7087901394745378,layercam,0.8189493433395872,0.10890317934750104,none,,0,0,0,0,0,0,0,0,0,0
direct_rich_gallery,IMG001371.jpeg,btxrd-heuristic-000821,1,medium_1_to_5pct,0.22241841028810216,layercam,0.7403245942571786,0.5175266667960386,selector_choice_failure,selector_choice_failure;under_segmentation,0,1,0,0,1,0,0,0,0,0
direct_rich_gallery,IMG001379.jpeg,btxrd-heuristic-000826,1,medium_1_to_5pct,0.3257754323022048,classifier448:layercam,0.49258542875564154,0.16711959024632478,under_segmentation,under_segmentation;fragmented_mask,0,0,0,0,1,0,1,0,0,0
direct_rich_gallery,IMG001391.jpeg,btxrd-heuristic-000833,1,large_ge_5pct,0.05011418024838114,layercam,0.436538591854713,0.3863665555706967,selector_choice_failure,selector_choice_failure;under_segmentation;missing_component,0,1,0,0,1,0,0,1,0,0
direct_rich_gallery,IMG001394.jpeg,btxrd-heuristic-000836,1,small_lt_1pct,0.3050330602980361,classifier448:layercam,0.34704184704184704,0.04087600721193918,over_segmentation,over_segmentation,0,0,0,1,0,0,0,0,0,0
direct_rich_gallery,IMG001402.jpeg,btxrd-heuristic-000840,1,medium_1_to_5pct,0.41237522251515357,external_saliency,0.7188405797101449,0.30060836535843566,selector_choice_failure,selector_choice_failure;fragmented_mask,0,1,0,0,0,0,1,0,0,0
direct_rich_gallery,IMG001405.jpeg,btxrd-heuristic-000842,1,medium_1_to_5pct,0.41434073977150987,classifier448:layercam,0.8619087334683665,0.44697263123194475,selector_choice_failure,selector_choice_failure;under_segmentation;fragmented_mask,0,1,0,0,1,0,1,0,0,0
direct_rich_gallery,IMG001448.jpeg,btxrd-heuristic-000868,1,small_lt_1pct,0.8612631860061424,classifier448:layercam,0.8702290076335878,0.0,none,,0,0,0,0,0,0,0,0,0,0
direct_rich_gallery,IMG001453.jpeg,btxrd-heuristic-000871,1,medium_1_to_5pct,0.7298823738687658,layercam,0.7266464032421479,0.0,fragmented_mask,fragmented_mask,0,0,0,0,0,0,1,0,0,0
direct_rich_gallery,IMG001454.jpeg,btxrd-heuristic-000872,1,medium_1_to_5pct,0.5218353324793292,layercam,0.8532477947072975,0.22220021511942978,selector_choice_failure,selector_choice_failure;under_segmentation,0,1,0,0,1,0,0,0,0,0
direct_rich_gallery,IMG001455.jpeg,btxrd-heuristic-000873,1,medium_1_to_5pct,0.5246757971880767,layercam,0.8068564432200795,0.2827572387278007,selector_choice_failure,selector_choice_failure;over_segmentation;fragmented_mask,0,1,0,1,0,0,1,0,0,0
direct_rich_gallery,IMG001468.jpeg,btxrd-heuristic-000880,1,medium_1_to_5pct,0.7997635519747789,classifier448:layercam,0.912241054613936,0.1104632768361582,none,,0,0,0,0,0,0,0,0,0,0
direct_rich_gallery,IMG001473.jpeg,btxrd-heuristic-000883,1,medium_1_to_5pct,0.0,layercam,0.5173398612811098,0.5135682462535439,selector_choice_failure,selector_choice_failure;complete_miss;wrong_anatomical_structure;fragmented_mask,0,1,1,0,0,1,1,0,0,0
direct_rich_gallery,IMG001476.jpeg,btxrd-heuristic-000885,1,small_lt_1pct,0.5216363658067827,classifier448:layercam,0.5767984445884641,0.012780224276666252,over_segmentation,over_segmentation;fragmented_mask,0,0,0,1,0,0,1,0,0,0
direct_rich_gallery,IMG001483.jpeg,btxrd-heuristic-000889,1,medium_1_to_5pct,0.47718349928876247,layercam,0.7182630906768838,0.23886566045978141,selector_choice_failure,selector_choice_failure,0,1,0,0,0,0,0,0,0,0
direct_rich_gallery,IMG001490.jpeg,btxrd-heuristic-000893,1,medium_1_to_5pct,0.8017322411709413,external_saliency,0.8324571428571429,0.030577001846567087,fragmented_mask,fragmented_mask,0,0,0,0,0,0,1,0,0,0
direct_rich_gallery,IMG001491.jpeg,btxrd-heuristic-000893,1,medium_1_to_5pct,0.4894079859843784,layercam,0.6993256644188814,0.2083866199378271,selector_choice_failure,selector_choice_failure;fragmented_mask,0,1,0,0,0,0,1,0,0,0
direct_rich_gallery,IMG001517.jpeg,btxrd-heuristic-000907,1,large_ge_5pct,0.04081735113967266,layercam,0.5209206559305831,0.4803276449881193,selector_choice_failure,selector_choice_failure;under_segmentation;missing_component,0,1,0,0,1,0,0,1,0,0
direct_rich_gallery,IMG001538.jpeg,btxrd-heuristic-000916,1,medium_1_to_5pct,0.5375751648543182,layercam,0.7639334695068573,0.21169247362631327,selector_choice_failure,selector_choice_failure;over_segmentation,0,1,0,1,0,0,0,0,0,0
direct_rich_gallery,IMG001539.jpeg,btxrd-heuristic-000916,1,medium_1_to_5pct,0.4688283444588758,layercam,0.8820754716981132,0.41400069626718333,selector_choice_failure,selector_choice_failure;over_segmentation;fragmented_mask,0,1,0,1,0,0,1,0,0,0
direct_rich_gallery,IMG001551.jpeg,btxrd-heuristic-000922,1,large_ge_5pct,0.7256622506005977,classifier448:layercam,0.9561471693224511,0.22911398028380348,selector_choice_failure,selector_choice_failure;fragmented_mask,0,1,0,0,0,0,1,0,0,0
direct_rich_gallery,IMG001563.jpeg,btxrd-heuristic-000930,1,large_ge_5pct,0.13040191508126497,classifier448:layercam,0.6687113375266414,0.5374949004498261,selector_choice_failure,selector_choice_failure;under_segmentation;fragmented_mask;missing_component,0,1,0,0,1,0,1,1,0,0
direct_rich_gallery,IMG001580.jpeg,btxrd-heuristic-000940,1,large_ge_5pct,0.606371892213786,classifier448:layercam,0.8567803777840428,0.23418703366333637,selector_choice_failure,selector_choice_failure;fragmented_mask,0,1,0,0,0,0,1,0,0,0
direct_rich_gallery,IMG001581.jpeg,btxrd-heuristic-000940,1,medium_1_to_5pct,0.6537617529752847,layercam,0.9537124504061969,0.3014262194581214,selector_choice_failure,selector_choice_failure;over_segmentation;fragmented_mask,0,1,0,1,0,0,1,0,0,0
direct_rich_gallery,IMG001601.jpeg,btxrd-heuristic-000951,1,medium_1_to_5pct,0.5497114706727129,classifier448:layercam,0.8451957295373665,0.29677642837264107,selector_choice_failure,selector_choice_failure;fragmented_mask,0,1,0,0,0,0,1,0,0,0
direct_rich_gallery,IMG001606.jpeg,btxrd-heuristic-000955,1,medium_1_to_5pct,0.0,classifier448:layercam,0.6792654662150116,0.6792654662150116,selector_choice_failure,selector_choice_failure;complete_miss;under_segmentation;wrong_anatomical_structure;missing_component,0,1,1,0,1,1,0,1,0,0
direct_rich_gallery,IMG001607.jpeg,btxrd-heuristic-000956,1,small_lt_1pct,0.9111318989710009,external_saliency,0.9490358126721763,0.035741014984315034,none,,0,0,0,0,0,0,0,0,0,0
direct_rich_gallery,IMG001612.jpeg,btxrd-heuristic-000959,1,medium_1_to_5pct,0.7168175443070254,layercam,0.9225465410250517,0.2066393751771778,selector_choice_failure,selector_choice_failure;fragmented_mask,0,1,0,0,0,0,1,0,0,0
direct_rich_gallery,IMG001617.jpeg,btxrd-heuristic-000962,1,medium_1_to_5pct,0.7012488842661238,classifier448:layercam,0.807679122386013,0.10847564664379727,fragmented_mask,fragmented_mask,0,0,0,0,0,0,1,0,0,0
direct_rich_gallery,IMG001632.jpeg,btxrd-heuristic-000972,1,medium_1_to_5pct,0.06638144981306889,external_saliency,0.8763510592304367,0.7726881310437655,selector_choice_failure,selector_choice_failure;over_segmentation;fragmented_mask,0,1,0,1,0,0,1,0,0,0
direct_rich_gallery,IMG001638.jpeg,btxrd-heuristic-000978,1,medium_1_to_5pct,0.6391735117283428,classifier448:layercam,0.6812307692307692,0.03545986124195366,over_segmentation,over_segmentation;fragmented_mask,0,0,0,1,0,0,1,0,0,0
direct_rich_gallery,IMG001642.jpeg,btxrd-heuristic-000981,1,large_ge_5pct,0.07967163028146673,classifier448:layercam,0.44515836731331604,0.36601610069257884,selector_choice_failure,selector_choice_failure;under_segmentation;missing_component,0,1,0,0,1,0,0,1,0,0
direct_rich_gallery,IMG001643.jpeg,btxrd-heuristic-000982,1,medium_1_to_5pct,0.13009370233166268,classifier448:layercam,0.394,0.26566546503244415,selector_choice_failure,selector_choice_failure;fragmented_mask;missing_component,0,1,0,0,0,0,1,1,0,0
direct_rich_gallery,IMG001661.jpeg,btxrd-heuristic-000993,1,medium_1_to_5pct,0.9440311319674946,classifier448:layercam,0.9453345900094251,0.0,fragmented_mask,fragmented_mask,0,0,0,0,0,0,1,0,0,0
direct_rich_gallery,IMG001666.jpeg,btxrd-heuristic-000997,1,medium_1_to_5pct,0.07754495957762746,classifier448:layercam,0.8437231034058773,0.7662175354771468,selector_choice_failure,selector_choice_failure;under_segmentation;missing_component,0,1,0,0,1,0,0,1,0,0
direct_rich_gallery,IMG001716.jpeg,btxrd-heuristic-001029,1,medium_1_to_5pct,0.4391750587175445,layercam,0.9053388867853086,0.45982277178315883,selector_choice_failure,selector_choice_failure;under_segmentation,0,1,0,0,1,0,0,0,0,0
direct_rich_gallery,IMG001719.jpeg,btxrd-heuristic-001031,1,small_lt_1pct,0.7612031921424187,classifier448:layercam,0.8232662192393736,0.05619794614700413,none,,0,0,0,0,0,0,0,0,0,0
direct_rich_gallery,IMG001723.jpeg,btxrd-heuristic-001033,1,medium_1_to_5pct,0.0,classifier448:layercam,0.6294134000556019,0.6294134000556019,selector_choice_failure,selector_choice_failure;complete_miss;wrong_anatomical_structure;fragmented_mask,0,1,1,0,0,1,1,0,0,0
direct_rich_gallery,IMG001744.jpeg,btxrd-heuristic-001047,1,medium_1_to_5pct,0.7569482288828338,classifier448:layercam,0.826131164209456,0.06904338920378572,none,,0,0,0,0,0,0,0,0,0,0
direct_rich_gallery,IMG001759.jpeg,btxrd-heuristic-001056,1,small_lt_1pct,0.11166710560969186,classifier448:layercam,0.6134453781512605,0.4951247674642376,selector_choice_failure,selector_choice_failure;over_segmentation,0,1,0,1,0,0,0,0,0,0
direct_rich_gallery,IMG001760.jpeg,btxrd-heuristic-001057,1,medium_1_to_5pct,0.5044225099346238,classifier448:layercam,0.8394991462720547,0.3354183605478881,selector_choice_failure,selector_choice_failure;over_segmentation,0,1,0,1,0,0,0,0,0,0
direct_rich_gallery,IMG001761.jpeg,btxrd-heuristic-001057,1,medium_1_to_5pct,0.4204192546583851,classifier448:layercam,0.701442609241062,0.2099585888791265,selector_choice_failure,selector_choice_failure;over_segmentation;fragmented_mask,0,1,0,1,0,0,1,0,0,0
direct_rich_gallery,IMG001781.jpeg,btxrd-heuristic-001069,1,small_lt_1pct,0.0,classifier448:layercam,0.1875149485768955,0.1875149485768955,small_lesion_specific_failure,complete_miss;over_segmentation;wrong_anatomical_structure;small_lesion_specific_failure,0,0,1,1,0,1,0,0,0,1
direct_rich_gallery,IMG001782.jpeg,btxrd-heuristic-001070,1,medium_1_to_5pct,0.0,classifier448:layercam,0.5569403714565004,0.5569403714565004,selector_choice_failure,selector_choice_failure;complete_miss;under_segmentation;wrong_anatomical_structure,0,1,1,0,1,1,0,0,0,0
direct_rich_gallery,IMG001785.jpeg,btxrd-heuristic-001073,1,medium_1_to_5pct,0.0,classifier448:layercam,0.8749058025621703,0.8749058025621703,selector_choice_failure,selector_choice_failure;complete_miss;under_segmentation;wrong_anatomical_structure,0,1,1,0,1,1,0,0,0,0
direct_rich_gallery,IMG001786.jpeg,btxrd-heuristic-001074,1,small_lt_1pct,0.2241140368243912,layercam,0.70995670995671,0.4819386540959335,selector_choice_failure,selector_choice_failure;over_segmentation;fragmented_mask,0,1,0,1,0,0,1,0,0,0
direct_rich_gallery,IMG001791.jpeg,btxrd-heuristic-001077,1,medium_1_to_5pct,0.3047821560679558,classifier448:layercam,0.4751117734724292,0.17480945570286255,over_segmentation,over_segmentation;fragmented_mask,0,0,0,1,0,0,1,0,0,0
direct_rich_gallery,IMG001795.jpeg,btxrd-heuristic-001080,1,large_ge_5pct,0.5772086596038691,layercam,0.8507183010618363,0.2738919334097806,selector_choice_failure,selector_choice_failure;under_segmentation;fragmented_mask,0,1,0,0,1,0,1,0,0,0
direct_rich_gallery,IMG001798.jpeg,btxrd-heuristic-001083,1,small_lt_1pct,0.0,layercam,0.04657016991818754,0.04657016991818754,candidate_supply_failure,candidate_supply_failure;complete_miss;over_segmentation;wrong_anatomical_structure;small_lesion_specific_failure,1,0,1,1,0,1,0,0,0,1
direct_rich_gallery,IMG001828.jpeg,btxrd-heuristic-001104,1,medium_1_to_5pct,0.6616256558457956,classifier448:layercam,0.770373705538046,0.10889933495300697,fragmented_mask,fragmented_mask,0,0,0,0,0,0,1,0,0,0
direct_rich_gallery,IMG001858.jpeg,btxrd-heuristic-001118,1,medium_1_to_5pct,0.06106628697990824,classifier448:layercam,0.6141703377386197,0.553988755378049,selector_choice_failure,selector_choice_failure;under_segmentation;missing_component,0,1,0,0,1,0,0,1,0,0
direct_rich_gallery,IMG001867.jpeg,btxrd-heuristic-001123,1,large_ge_5pct,0.0,classifier448:layercam,0.6181996529087753,0.6181996529087753,selector_choice_failure,selector_choice_failure;complete_miss;under_segmentation;wrong_anatomical_structure;fragmented_mask,0,1,1,0,1,1,1,0,0,0
direct_rich_gallery,IMG001868.jpeg,btxrd-heuristic-001124,0,normal,1.0,classifier448:layercam,0.0,0.0,none,,0,0,0,0,0,0,0,0,0,0
direct_rich_gallery,IMG001869.jpeg,btxrd-heuristic-001124,0,normal,1.0,classifier448:layercam,0.0,0.0,none,,0,0,0,0,0,0,0,0,0,0
direct_rich_gallery,IMG001870.jpeg,btxrd-heuristic-001124,0,normal,1.0,layercam,0.0,0.0,none,,0,0,0,0,0,0,0,0,0,0
direct_rich_gallery,IMG001871.jpeg,btxrd-heuristic-001124,0,normal,1.0,layercam,0.0,0.0,none,,0,0,0,0,0,0,0,0,0,0
direct_rich_gallery,IMG001872.jpeg,btxrd-heuristic-001125,0,normal,1.0,layercam,0.0,0.0,none,,0,0,0,0,0,0,0,0,0,0
direct_rich_gallery,IMG001874.jpeg,btxrd-heuristic-001127,0,normal,1.0,layercam,0.0,0.0,none,,0,0,0,0,0,0,0,0,0,0
direct_rich_gallery,IMG001875.jpeg,btxrd-heuristic-001127,0,normal,1.0,layercam,0.0,0.0,none,,0,0,0,0,0,0,0,0,0,0
direct_rich_gallery,IMG001876.jpeg,btxrd-heuristic-001127,0,normal,1.0,classifier448:layercam,0.0,0.0,none,,0,0,0,0,0,0,0,0,0,0
direct_rich_gallery,IMG001877.jpeg,btxrd-heuristic-001127,0,normal,1.0,layercam,0.0,0.0,none,,0,0,0,0,0,0,0,0,0,0
direct_rich_gallery,IMG001881.jpeg,btxrd-heuristic-001130,0,normal,1.0,layercam,0.0,0.0,none,,0,0,0,0,0,0,0,0,0,0
direct_rich_gallery,IMG001883.jpeg,btxrd-heuristic-001132,0,normal,1.0,classifier448:layercam,0.0,0.0,none,,0,0,0,0,0,0,0,0,0,0
direct_rich_gallery,IMG001887.jpeg,btxrd-heuristic-001134,0,normal,1.0,layercam,0.0,0.0,none,,0,0,0,0,0,0,0,0,0,0
direct_rich_gallery,IMG001888.jpeg,btxrd-heuristic-001134,0,normal,1.0,classifier448:layercam,0.0,0.0,none,,0,0,0,0,0,0,0,0,0,0
direct_rich_gallery,IMG001889.jpeg,btxrd-heuristic-001134,0,normal,1.0,classifier448:layercam,0.0,0.0,none,,0,0,0,0,0,0,0,0,0,0
direct_rich_gallery,IMG001890.jpeg,btxrd-heuristic-001134,0,normal,1.0,classifier448:layercam,0.0,0.0,none,,0,0,0,0,0,0,0,0,0,0
direct_rich_gallery,IMG001915.jpeg,btxrd-heuristic-001141,0,normal,1.0,layercam,0.0,0.0,none,,0,0,0,0,0,0,0,0,0,0
direct_rich_gallery,IMG001916.jpeg,btxrd-heuristic-001141,0,normal,1.0,layercam,0.0,0.0,none,,0,0,0,0,0,0,0,0,0,0
direct_rich_gallery,IMG001917.jpeg,btxrd-heuristic-001141,0,normal,1.0,classifier448:layercam,0.0,0.0,none,,0,0,0,0,0,0,0,0,0,0
direct_rich_gallery,IMG001918.jpeg,btxrd-heuristic-001141,0,normal,1.0,classifier448:layercam,0.0,0.0,none,,0,0,0,0,0,0,0,0,0,0
direct_rich_gallery,IMG001932.jpeg,btxrd-heuristic-001145,0,normal,1.0,layercam,0.0,0.0,none,,0,0,0,0,0,0,0,0,0,0
direct_rich_gallery,IMG001933.jpeg,btxrd-heuristic-001145,0,normal,1.0,classifier448:layercam,0.0,0.0,none,,0,0,0,0,0,0,0,0,0,0
direct_rich_gallery,IMG001934.jpeg,btxrd-heuristic-001145,0,normal,1.0,classifier448:layercam,0.0,0.0,none,,0,0,0,0,0,0,0,0,0,0
direct_rich_gallery,IMG001937.jpeg,btxrd-heuristic-001147,0,normal,1.0,layercam,0.0,0.0,none,,0,0,0,0,0,0,0,0,0,0
direct_rich_gallery,IMG001938.jpeg,btxrd-heuristic-001148,0,normal,1.0,layercam,0.0,0.0,none,,0,0,0,0,0,0,0,0,0,0
direct_rich_gallery,IMG001939.jpeg,btxrd-heuristic-001148,0,normal,1.0,layercam,0.0,0.0,none,,0,0,0,0,0,0,0,0,0,0
direct_rich_gallery,IMG001940.jpeg,btxrd-heuristic-001148,0,normal,1.0,classifier448:layercam,0.0,0.0,none,,0,0,0,0,0,0,0,0,0,0
direct_rich_gallery,IMG001941.jpeg,btxrd-heuristic-001149,0,normal,1.0,classifier448:layercam,0.0,0.0,none,,0,0,0,0,0,0,0,0,0,0
direct_rich_gallery,IMG001942.jpeg,btxrd-heuristic-001149,0,normal,1.0,layercam,0.0,0.0,none,,0,0,0,0,0,0,0,0,0,0
direct_rich_gallery,IMG001959.jpeg,btxrd-heuristic-001152,0,normal,1.0,layercam,0.0,0.0,none,,0,0,0,0,0,0,0,0,0,0
direct_rich_gallery,IMG002005.jpeg,btxrd-heuristic-001162,0,normal,1.0,layercam,0.0,0.0,none,,0,0,0,0,0,0,0,0,0,0
direct_rich_gallery,IMG002006.jpeg,btxrd-heuristic-001162,0,normal,1.0,classifier448:layercam,0.0,0.0,none,,0,0,0,0,0,0,0,0,0,0
direct_rich_gallery,IMG002007.jpeg,btxrd-heuristic-001162,0,normal,1.0,layercam,0.0,0.0,none,,0,0,0,0,0,0,0,0,0,0
direct_rich_gallery,IMG002030.jpeg,btxrd-heuristic-001168,0,normal,1.0,layercam,0.0,0.0,none,,0,0,0,0,0,0,0,0,0,0
direct_rich_gallery,IMG002035.jpeg,btxrd-heuristic-001170,0,normal,1.0,layercam,0.0,0.0,none,,0,0,0,0,0,0,0,0,0,0
direct_rich_gallery,IMG002036.jpeg,btxrd-heuristic-001171,0,normal,1.0,layercam,0.0,0.0,none,,0,0,0,0,0,0,0,0,0,0
direct_rich_gallery,IMG002073.jpeg,btxrd-heuristic-001179,0,normal,1.0,layercam,0.0,0.0,none,,0,0,0,0,0,0,0,0,0,0
direct_rich_gallery,IMG002074.jpeg,btxrd-heuristic-001179,0,normal,1.0,layercam,0.0,0.0,none,,0,0,0,0,0,0,0,0,0,0
direct_rich_gallery,IMG002075.jpeg,btxrd-heuristic-001179,0,normal,1.0,layercam,0.0,0.0,none,,0,0,0,0,0,0,0,0,0,0
direct_rich_gallery,IMG002076.jpeg,btxrd-heuristic-001179,0,normal,1.0,layercam,0.0,0.0,none,,0,0,0,0,0,0,0,0,0,0
direct_rich_gallery,IMG002078.jpeg,btxrd-heuristic-001181,0,normal,1.0,classifier448:layercam,0.0,0.0,none,,0,0,0,0,0,0,0,0,0,0
direct_rich_gallery,IMG002079.jpeg,btxrd-heuristic-001181,0,normal,1.0,classifier448:layercam,0.0,0.0,none,,0,0,0,0,0,0,0,0,0,0
direct_rich_gallery,IMG002080.jpeg,btxrd-heuristic-001181,0,normal,1.0,layercam,0.0,0.0,none,,0,0,0,0,0,0,0,0,0,0
direct_rich_gallery,IMG002099.jpeg,btxrd-heuristic-001186,0,normal,1.0,classifier448:layercam,0.0,0.0,none,,0,0,0,0,0,0,0,0,0,0
direct_rich_gallery,IMG002100.jpeg,btxrd-heuristic-001186,0,normal,1.0,layercam,0.0,0.0,none,,0,0,0,0,0,0,0,0,0,0
direct_rich_gallery,IMG002101.jpeg,btxrd-heuristic-001186,0,normal,1.0,classifier448:layercam,0.0,0.0,none,,0,0,0,0,0,0,0,0,0,0
direct_rich_gallery,IMG002107.jpeg,btxrd-heuristic-001188,0,normal,1.0,layercam,0.0,0.0,none,,0,0,0,0,0,0,0,0,0,0
direct_rich_gallery,IMG002108.jpeg,btxrd-heuristic-001188,0,normal,1.0,layercam,0.0,0.0,none,,0,0,0,0,0,0,0,0,0,0
direct_rich_gallery,IMG002109.jpeg,btxrd-heuristic-001189,0,normal,1.0,classifier448:layercam,0.0,0.0,none,,0,0,0,0,0,0,0,0,0,0
direct_rich_gallery,IMG002110.jpeg,btxrd-heuristic-001189,0,normal,1.0,classifier448:layercam,0.0,0.0,none,,0,0,0,0,0,0,0,0,0,0
direct_rich_gallery,IMG002117.jpeg,btxrd-heuristic-001191,0,normal,1.0,classifier448:layercam,0.0,0.0,none,,0,0,0,0,0,0,0,0,0,0
direct_rich_gallery,IMG002118.jpeg,btxrd-heuristic-001191,0,normal,1.0,classifier448:layercam,0.0,0.0,none,,0,0,0,0,0,0,0,0,0,0
direct_rich_gallery,IMG002119.jpeg,btxrd-heuristic-001191,0,normal,1.0,classifier448:layercam,0.0,0.0,none,,0,0,0,0,0,0,0,0,0,0
direct_rich_gallery,IMG002120.jpeg,btxrd-heuristic-001191,0,normal,1.0,layercam,0.0,0.0,none,,0,0,0,0,0,0,0,0,0,0
direct_rich_gallery,IMG002125.jpeg,btxrd-heuristic-001193,0,normal,1.0,classifier448:layercam,0.0,0.0,none,,0,0,0,0,0,0,0,0,0,0
direct_rich_gallery,IMG002126.jpeg,btxrd-heuristic-001193,0,normal,1.0,classifier448:layercam,0.0,0.0,none,,0,0,0,0,0,0,0,0,0,0
direct_rich_gallery,IMG002127.jpeg,btxrd-heuristic-001193,0,normal,1.0,layercam,0.0,0.0,none,,0,0,0,0,0,0,0,0,0,0
direct_rich_gallery,IMG002130.jpeg,btxrd-heuristic-001195,0,normal,1.0,layercam,0.0,0.0,none,,0,0,0,0,0,0,0,0,0,0
direct_rich_gallery,IMG002131.jpeg,btxrd-heuristic-001195,0,normal,1.0,layercam,0.0,0.0,none,,0,0,0,0,0,0,0,0,0,0
direct_rich_gallery,IMG002132.jpeg,btxrd-heuristic-001195,0,normal,1.0,classifier448:layercam,0.0,0.0,none,,0,0,0,0,0,0,0,0,0,0
direct_rich_gallery,IMG002133.jpeg,btxrd-heuristic-001195,0,normal,1.0,classifier448:layercam,0.0,0.0,none,,0,0,0,0,0,0,0,0,0,0
direct_rich_gallery,IMG002174.jpeg,btxrd-heuristic-001201,0,normal,1.0,layercam,0.0,0.0,none,,0,0,0,0,0,0,0,0,0,0
direct_rich_gallery,IMG002180.jpeg,btxrd-heuristic-001203,0,normal,1.0,layercam,0.0,0.0,none,,0,0,0,0,0,0,0,0,0,0
direct_rich_gallery,IMG002181.jpeg,btxrd-heuristic-001203,0,normal,1.0,classifier448:layercam,0.0,0.0,none,,0,0,0,0,0,0,0,0,0,0
direct_rich_gallery,IMG002190.jpeg,btxrd-heuristic-001206,0,normal,1.0,layercam,0.0,0.0,none,,0,0,0,0,0,0,0,0,0,0
direct_rich_gallery,IMG002267.jpeg,btxrd-heuristic-001219,0,normal,1.0,layercam,0.0,0.0,none,,0,0,0,0,0,0,0,0,0,0
direct_rich_gallery,IMG002268.jpeg,btxrd-heuristic-001219,0,normal,1.0,classifier448:layercam,0.0,0.0,none,,0,0,0,0,0,0,0,0,0,0
direct_rich_gallery,IMG002269.jpeg,btxrd-heuristic-001219,0,normal,1.0,layercam,0.0,0.0,none,,0,0,0,0,0,0,0,0,0,0
direct_rich_gallery,IMG002270.jpeg,btxrd-heuristic-001219,0,normal,1.0,classifier448:layercam,0.0,0.0,none,,0,0,0,0,0,0,0,0,0,0
direct_rich_gallery,IMG002271.jpeg,btxrd-heuristic-001220,0,normal,1.0,layercam,0.0,0.0,none,,0,0,0,0,0,0,0,0,0,0
direct_rich_gallery,IMG002272.jpeg,btxrd-heuristic-001220,0,normal,1.0,classifier448:layercam,0.0,0.0,none,,0,0,0,0,0,0,0,0,0,0
direct_rich_gallery,IMG002273.jpeg,btxrd-heuristic-001220,0,normal,1.0,layercam,0.0,0.0,none,,0,0,0,0,0,0,0,0,0,0
direct_rich_gallery,IMG002274.jpeg,btxrd-heuristic-001220,0,normal,1.0,layercam,0.0,0.0,none,,0,0,0,0,0,0,0,0,0,0
direct_rich_gallery,IMG002345.jpeg,btxrd-heuristic-001229,0,normal,1.0,classifier448:layercam,0.0,0.0,none,,0,0,0,0,0,0,0,0,0,0
direct_rich_gallery,IMG002346.jpeg,btxrd-heuristic-001229,0,normal,1.0,layercam,0.0,0.0,none,,0,0,0,0,0,0,0,0,0,0
direct_rich_gallery,IMG002347.jpeg,btxrd-heuristic-001229,0,normal,1.0,layercam,0.0,0.0,none,,0,0,0,0,0,0,0,0,0,0
direct_rich_gallery,IMG002348.jpeg,btxrd-heuristic-001229,0,normal,1.0,layercam,0.0,0.0,none,,0,0,0,0,0,0,0,0,0,0
direct_rich_gallery,IMG002364.jpeg,btxrd-heuristic-001232,0,normal,1.0,classifier448:layercam,0.0,0.0,none,,0,0,0,0,0,0,0,0,0,0
direct_rich_gallery,IMG002365.jpeg,btxrd-heuristic-001232,0,normal,1.0,classifier448:layercam,0.0,0.0,none,,0,0,0,0,0,0,0,0,0,0
direct_rich_gallery,IMG002366.jpeg,btxrd-heuristic-001232,0,normal,1.0,classifier448:layercam,0.0,0.0,none,,0,0,0,0,0,0,0,0,0,0
direct_rich_gallery,IMG002367.jpeg,btxrd-heuristic-001233,0,normal,1.0,layercam,0.0,0.0,none,,0,0,0,0,0,0,0,0,0,0
direct_rich_gallery,IMG002368.jpeg,btxrd-heuristic-001233,0,normal,1.0,layercam,0.0,0.0,none,,0,0,0,0,0,0,0,0,0,0
direct_rich_gallery,IMG002447.jpeg,btxrd-heuristic-001245,0,normal,1.0,classifier448:layercam,0.0,0.0,none,,0,0,0,0,0,0,0,0,0,0
direct_rich_gallery,IMG002448.jpeg,btxrd-heuristic-001245,0,normal,1.0,classifier448:layercam,0.0,0.0,none,,0,0,0,0,0,0,0,0,0,0
direct_rich_gallery,IMG002449.jpeg,btxrd-heuristic-001245,0,normal,1.0,classifier448:layercam,0.0,0.0,none,,0,0,0,0,0,0,0,0,0,0
direct_rich_gallery,IMG002450.jpeg,btxrd-heuristic-001246,0,normal,1.0,classifier448:layercam,0.0,0.0,none,,0,0,0,0,0,0,0,0,0,0
direct_rich_gallery,IMG002451.jpeg,btxrd-heuristic-001246,0,normal,1.0,layercam,0.0,0.0,none,,0,0,0,0,0,0,0,0,0,0
direct_rich_gallery,IMG002452.jpeg,btxrd-heuristic-001246,0,normal,1.0,classifier448:layercam,0.0,0.0,none,,0,0,0,0,0,0,0,0,0,0
direct_rich_gallery,IMG002453.jpeg,btxrd-heuristic-001246,0,normal,1.0,classifier448:layercam,0.0,0.0,none,,0,0,0,0,0,0,0,0,0,0
direct_rich_gallery,IMG002592.jpeg,btxrd-heuristic-001261,0,normal,1.0,classifier448:layercam,0.0,0.0,none,,0,0,0,0,0,0,0,0,0,0
direct_rich_gallery,IMG002593.jpeg,btxrd-heuristic-001261,0,normal,1.0,classifier448:layercam,0.0,0.0,none,,0,0,0,0,0,0,0,0,0,0
direct_rich_gallery,IMG002594.jpeg,btxrd-heuristic-001261,0,normal,1.0,classifier448:layercam,0.0,0.0,none,,0,0,0,0,0,0,0,0,0,0
direct_rich_gallery,IMG002595.jpeg,btxrd-heuristic-001261,0,normal,1.0,classifier448:layercam,0.0,0.0,none,,0,0,0,0,0,0,0,0,0,0
direct_rich_gallery,IMG002704.jpeg,btxrd-heuristic-001271,0,normal,1.0,classifier448:layercam,0.0,0.0,none,,0,0,0,0,0,0,0,0,0,0
direct_rich_gallery,IMG002705.jpeg,btxrd-heuristic-001271,0,normal,1.0,classifier448:layercam,0.0,0.0,none,,0,0,0,0,0,0,0,0,0,0
direct_rich_gallery,IMG002728.jpeg,btxrd-heuristic-001275,0,normal,1.0,layercam,0.0,0.0,none,,0,0,0,0,0,0,0,0,0,0
direct_rich_gallery,IMG002729.jpeg,btxrd-heuristic-001275,0,normal,1.0,classifier448:layercam,0.0,0.0,none,,0,0,0,0,0,0,0,0,0,0
direct_rich_gallery,IMG002836.jpeg,btxrd-heuristic-001286,0,normal,1.0,layercam,0.0,0.0,none,,0,0,0,0,0,0,0,0,0,0
direct_rich_gallery,IMG002837.jpeg,btxrd-heuristic-001286,0,normal,1.0,classifier448:layercam,0.0,0.0,none,,0,0,0,0,0,0,0,0,0,0
direct_rich_gallery,IMG002838.jpeg,btxrd-heuristic-001286,0,normal,1.0,layercam,0.0,0.0,none,,0,0,0,0,0,0,0,0,0,0
direct_rich_gallery,IMG002839.jpeg,btxrd-heuristic-001286,0,normal,1.0,layercam,0.0,0.0,none,,0,0,0,0,0,0,0,0,0,0
direct_rich_gallery,IMG002894.jpeg,btxrd-heuristic-001292,0,normal,1.0,classifier448:layercam,0.0,0.0,none,,0,0,0,0,0,0,0,0,0,0
direct_rich_gallery,IMG002895.jpeg,btxrd-heuristic-001292,0,normal,1.0,classifier448:layercam,0.0,0.0,none,,0,0,0,0,0,0,0,0,0,0
direct_rich_gallery,IMG002896.jpeg,btxrd-heuristic-001292,0,normal,1.0,layercam,0.0,0.0,none,,0,0,0,0,0,0,0,0,0,0
direct_rich_gallery,IMG002897.jpeg,btxrd-heuristic-001292,0,normal,1.0,layercam,0.0,0.0,none,,0,0,0,0,0,0,0,0,0,0
direct_rich_gallery,IMG002932.jpeg,btxrd-heuristic-001296,0,normal,1.0,layercam,0.0,0.0,none,,0,0,0,0,0,0,0,0,0,0
direct_rich_gallery,IMG002933.jpeg,btxrd-heuristic-001296,0,normal,1.0,layercam,0.0,0.0,none,,0,0,0,0,0,0,0,0,0,0
direct_rich_gallery,IMG003119.jpeg,btxrd-heuristic-001320,0,normal,1.0,classifier448:layercam,0.0,0.0,none,,0,0,0,0,0,0,0,0,0,0
direct_rich_gallery,IMG003120.jpeg,btxrd-heuristic-001320,0,normal,1.0,classifier448:layercam,0.0,0.0,none,,0,0,0,0,0,0,0,0,0,0
direct_rich_gallery,IMG003162.jpeg,btxrd-heuristic-001331,0,normal,1.0,classifier448:layercam,0.0,0.0,none,,0,0,0,0,0,0,0,0,0,0
direct_rich_gallery,IMG003163.jpeg,btxrd-heuristic-001331,0,normal,1.0,classifier448:layercam,0.0,0.0,none,,0,0,0,0,0,0,0,0,0,0
direct_rich_gallery,IMG003164.jpeg,btxrd-heuristic-001331,0,normal,1.0,classifier448:layercam,0.0,0.0,none,,0,0,0,0,0,0,0,0,0,0
direct_rich_gallery,IMG003165.jpeg,btxrd-heuristic-001331,0,normal,1.0,layercam,0.0,0.0,none,,0,0,0,0,0,0,0,0,0,0
direct_rich_gallery,IMG003202.jpeg,btxrd-heuristic-001337,0,normal,1.0,layercam,0.0,0.0,none,,0,0,0,0,0,0,0,0,0,0
direct_rich_gallery,IMG003203.jpeg,btxrd-heuristic-001337,0,normal,1.0,layercam,0.0,0.0,none,,0,0,0,0,0,0,0,0,0,0
direct_rich_gallery,IMG003204.jpeg,btxrd-heuristic-001337,0,normal,1.0,classifier448:layercam,0.0,0.0,none,,0,0,0,0,0,0,0,0,0,0
direct_rich_gallery,IMG003234.jpeg,btxrd-heuristic-001347,0,normal,1.0,classifier448:layercam,0.0,0.0,none,,0,0,0,0,0,0,0,0,0,0
direct_rich_gallery,IMG003235.jpeg,btxrd-heuristic-001347,0,normal,1.0,layercam,0.0,0.0,none,,0,0,0,0,0,0,0,0,0,0
direct_rich_gallery,IMG003236.jpeg,btxrd-heuristic-001347,0,normal,1.0,layercam,0.0,0.0,none,,0,0,0,0,0,0,0,0,0,0
direct_rich_gallery,IMG003237.jpeg,btxrd-heuristic-001347,0,normal,1.0,classifier448:layercam,0.0,0.0,none,,0,0,0,0,0,0,0,0,0,0
direct_rich_gallery,IMG003243.jpeg,btxrd-heuristic-001350,0,normal,1.0,classifier448:layercam,0.0,0.0,none,,0,0,0,0,0,0,0,0,0,0
direct_rich_gallery,IMG003244.jpeg,btxrd-heuristic-001350,0,normal,1.0,classifier448:layercam,0.0,0.0,none,,0,0,0,0,0,0,0,0,0,0
direct_rich_gallery,IMG003245.jpeg,btxrd-heuristic-001350,0,normal,1.0,layercam,0.0,0.0,none,,0,0,0,0,0,0,0,0,0,0
direct_rich_gallery,IMG003246.jpeg,btxrd-heuristic-001350,0,normal,1.0,layercam,0.0,0.0,none,,0,0,0,0,0,0,0,0,0,0
direct_rich_gallery,IMG003247.jpeg,btxrd-heuristic-001351,0,normal,1.0,classifier448:layercam,0.0,0.0,none,,0,0,0,0,0,0,0,0,0,0
direct_rich_gallery,IMG003248.jpeg,btxrd-heuristic-001351,0,normal,1.0,layercam,0.0,0.0,none,,0,0,0,0,0,0,0,0,0,0
direct_rich_gallery,IMG003250.jpeg,btxrd-heuristic-001353,0,normal,1.0,layercam,0.0,0.0,none,,0,0,0,0,0,0,0,0,0,0
direct_rich_gallery,IMG003251.jpeg,btxrd-heuristic-001354,0,normal,1.0,classifier448:layercam,0.0,0.0,none,,0,0,0,0,0,0,0,0,0,0
direct_rich_gallery,IMG003252.jpeg,btxrd-heuristic-001354,0,normal,1.0,classifier448:layercam,0.0,0.0,none,,0,0,0,0,0,0,0,0,0,0
direct_rich_gallery,IMG003259.jpeg,btxrd-heuristic-001356,0,normal,1.0,layercam,0.0,0.0,none,,0,0,0,0,0,0,0,0,0,0
direct_rich_gallery,IMG003260.jpeg,btxrd-heuristic-001356,0,normal,1.0,layercam,0.0,0.0,none,,0,0,0,0,0,0,0,0,0,0
direct_rich_gallery,IMG003261.jpeg,btxrd-heuristic-001356,0,normal,1.0,layercam,0.0,0.0,none,,0,0,0,0,0,0,0,0,0,0
direct_rich_gallery,IMG003266.jpeg,btxrd-heuristic-001359,0,normal,1.0,classifier448:layercam,0.0,0.0,none,,0,0,0,0,0,0,0,0,0,0
direct_rich_gallery,IMG003268.jpeg,btxrd-heuristic-001361,0,normal,1.0,layercam,0.0,0.0,none,,0,0,0,0,0,0,0,0,0,0
direct_rich_gallery,IMG003269.jpeg,btxrd-heuristic-001361,0,normal,1.0,layercam,0.0,0.0,none,,0,0,0,0,0,0,0,0,0,0
direct_rich_gallery,IMG003281.jpeg,btxrd-heuristic-001365,0,normal,1.0,classifier448:layercam,0.0,0.0,none,,0,0,0,0,0,0,0,0,0,0
direct_rich_gallery,IMG003282.jpeg,btxrd-heuristic-001365,0,normal,1.0,layercam,0.0,0.0,none,,0,0,0,0,0,0,0,0,0,0
direct_rich_gallery,IMG003283.jpeg,btxrd-heuristic-001366,0,normal,1.0,layercam,0.0,0.0,none,,0,0,0,0,0,0,0,0,0,0
direct_rich_gallery,IMG003284.jpeg,btxrd-heuristic-001366,0,normal,1.0,classifier448:layercam,0.0,0.0,none,,0,0,0,0,0,0,0,0,0,0
direct_rich_gallery,IMG003285.jpeg,btxrd-heuristic-001366,0,normal,1.0,classifier448:layercam,0.0,0.0,none,,0,0,0,0,0,0,0,0,0,0
direct_rich_gallery,IMG003286.jpeg,btxrd-heuristic-001366,0,normal,1.0,classifier448:layercam,0.0,0.0,none,,0,0,0,0,0,0,0,0,0,0
direct_rich_gallery,IMG003295.jpeg,btxrd-heuristic-001369,0,normal,1.0,classifier448:layercam,0.0,0.0,none,,0,0,0,0,0,0,0,0,0,0
direct_rich_gallery,IMG003296.jpeg,btxrd-heuristic-001369,0,normal,1.0,classifier448:layercam,0.0,0.0,none,,0,0,0,0,0,0,0,0,0,0
direct_rich_gallery,IMG003297.jpeg,btxrd-heuristic-001369,0,normal,1.0,layercam,0.0,0.0,none,,0,0,0,0,0,0,0,0,0,0
direct_rich_gallery,IMG003317.jpeg,btxrd-heuristic-001377,0,normal,1.0,classifier448:layercam,0.0,0.0,none,,0,0,0,0,0,0,0,0,0,0
direct_rich_gallery,IMG003318.jpeg,btxrd-heuristic-001377,0,normal,1.0,classifier448:layercam,0.0,0.0,none,,0,0,0,0,0,0,0,0,0,0
direct_rich_gallery,IMG003319.jpeg,btxrd-heuristic-001378,0,normal,1.0,layercam,0.0,0.0,none,,0,0,0,0,0,0,0,0,0,0
direct_rich_gallery,IMG003339.jpeg,btxrd-heuristic-001384,0,normal,1.0,layercam,0.0,0.0,none,,0,0,0,0,0,0,0,0,0,0
direct_rich_gallery,IMG003340.jpeg,btxrd-heuristic-001384,0,normal,1.0,layercam,0.0,0.0,none,,0,0,0,0,0,0,0,0,0,0
direct_rich_gallery,IMG003341.jpeg,btxrd-heuristic-001384,0,normal,1.0,classifier448:layercam,0.0,0.0,none,,0,0,0,0,0,0,0,0,0,0
direct_rich_gallery,IMG003369.jpeg,btxrd-heuristic-001393,0,normal,1.0,classifier448:layercam,0.0,0.0,none,,0,0,0,0,0,0,0,0,0,0
direct_rich_gallery,IMG003370.jpeg,btxrd-heuristic-001393,0,normal,1.0,classifier448:layercam,0.0,0.0,none,,0,0,0,0,0,0,0,0,0,0
direct_rich_gallery,IMG003375.jpeg,btxrd-heuristic-001395,0,normal,1.0,layercam,0.0,0.0,none,,0,0,0,0,0,0,0,0,0,0
direct_rich_gallery,IMG003376.jpeg,btxrd-heuristic-001395,0,normal,1.0,layercam,0.0,0.0,none,,0,0,0,0,0,0,0,0,0,0
direct_rich_gallery,IMG003401.jpeg,btxrd-heuristic-001402,0,normal,1.0,layercam,0.0,0.0,none,,0,0,0,0,0,0,0,0,0,0
direct_rich_gallery,IMG003402.jpeg,btxrd-heuristic-001402,0,normal,1.0,layercam,0.0,0.0,none,,0,0,0,0,0,0,0,0,0,0
direct_rich_gallery,IMG003413.jpeg,btxrd-heuristic-001404,0,normal,1.0,layercam,0.0,0.0,none,,0,0,0,0,0,0,0,0,0,0
direct_rich_gallery,IMG003414.jpeg,btxrd-heuristic-001404,0,normal,1.0,layercam,0.0,0.0,none,,0,0,0,0,0,0,0,0,0,0
direct_rich_gallery,IMG003415.jpeg,btxrd-heuristic-001404,0,normal,1.0,layercam,0.0,0.0,none,,0,0,0,0,0,0,0,0,0,0
direct_rich_gallery,IMG003416.jpeg,btxrd-heuristic-001404,0,normal,1.0,classifier448:layercam,0.0,0.0,none,,0,0,0,0,0,0,0,0,0,0
direct_rich_gallery,IMG003417.jpeg,btxrd-heuristic-001404,0,normal,1.0,classifier448:layercam,0.0,0.0,none,,0,0,0,0,0,0,0,0,0,0
direct_rich_gallery,IMG003428.jpeg,btxrd-heuristic-001407,0,normal,1.0,classifier448:layercam,0.0,0.0,none,,0,0,0,0,0,0,0,0,0,0
direct_rich_gallery,IMG003429.jpeg,btxrd-heuristic-001408,0,normal,1.0,layercam,0.0,0.0,none,,0,0,0,0,0,0,0,0,0,0
direct_rich_gallery,IMG003430.jpeg,btxrd-heuristic-001408,0,normal,1.0,classifier448:layercam,0.0,0.0,none,,0,0,0,0,0,0,0,0,0,0
direct_rich_gallery,IMG003436.jpeg,btxrd-heuristic-001411,0,normal,1.0,layercam,0.0,0.0,none,,0,0,0,0,0,0,0,0,0,0
direct_rich_gallery,IMG003437.jpeg,btxrd-heuristic-001411,0,normal,1.0,layercam,0.0,0.0,none,,0,0,0,0,0,0,0,0,0,0
direct_rich_gallery,IMG003489.jpeg,btxrd-heuristic-001424,0,normal,1.0,classifier448:layercam,0.0,0.0,none,,0,0,0,0,0,0,0,0,0,0
direct_rich_gallery,IMG003521.jpeg,btxrd-heuristic-001430,0,normal,1.0,classifier448:layercam,0.0,0.0,none,,0,0,0,0,0,0,0,0,0,0
direct_rich_gallery,IMG003582.jpeg,btxrd-heuristic-001438,0,normal,1.0,layercam,0.0,0.0,none,,0,0,0,0,0,0,0,0,0,0
direct_rich_gallery,IMG003583.jpeg,btxrd-heuristic-001439,0,normal,1.0,layercam,0.0,0.0,none,,0,0,0,0,0,0,0,0,0,0
direct_rich_gallery,IMG003584.jpeg,btxrd-heuristic-001440,0,normal,1.0,classifier448:layercam,0.0,0.0,none,,0,0,0,0,0,0,0,0,0,0
direct_rich_gallery,IMG003618.jpeg,btxrd-heuristic-001445,0,normal,1.0,layercam,0.0,0.0,none,,0,0,0,0,0,0,0,0,0,0
direct_rich_gallery,IMG003619.jpeg,btxrd-heuristic-001445,0,normal,1.0,layercam,0.0,0.0,none,,0,0,0,0,0,0,0,0,0,0
direct_rich_gallery,IMG003620.jpeg,btxrd-heuristic-001445,0,normal,1.0,layercam,0.0,0.0,none,,0,0,0,0,0,0,0,0,0,0
direct_rich_gallery,IMG003621.jpeg,btxrd-heuristic-001445,0,normal,1.0,layercam,0.0,0.0,none,,0,0,0,0,0,0,0,0,0,0
direct_rich_gallery,IMG003701.jpeg,btxrd-heuristic-001458,0,normal,1.0,layercam,0.0,0.0,none,,0,0,0,0,0,0,0,0,0,0
direct_rich_gallery,IMG003702.jpeg,btxrd-heuristic-001458,0,normal,1.0,classifier448:layercam,0.0,0.0,none,,0,0,0,0,0,0,0,0,0,0
direct_rich_gallery,IMG003703.jpeg,btxrd-heuristic-001458,0,normal,1.0,classifier448:layercam,0.0,0.0,none,,0,0,0,0,0,0,0,0,0,0
direct_rich_gallery,IMG003704.jpeg,btxrd-heuristic-001458,0,normal,1.0,layercam,0.0,0.0,none,,0,0,0,0,0,0,0,0,0,0
direct_rich_gallery,IMG003709.jpeg,btxrd-heuristic-001460,0,normal,1.0,classifier448:layercam,0.0,0.0,none,,0,0,0,0,0,0,0,0,0,0
direct_rich_gallery,IMG003710.jpeg,btxrd-heuristic-001460,0,normal,1.0,layercam,0.0,0.0,none,,0,0,0,0,0,0,0,0,0,0
direct_rich_gallery,IMG003711.jpeg,btxrd-heuristic-001460,0,normal,1.0,layercam,0.0,0.0,none,,0,0,0,0,0,0,0,0,0,0
direct_rich_gallery,IMG003720.jpg,btxrd-heuristic-001462,0,normal,1.0,classifier448:layercam,0.0,0.0,none,,0,0,0,0,0,0,0,0,0,0
direct_rich_gallery,IMG003740.jpg,btxrd-heuristic-001474,0,normal,1.0,classifier448:layercam,0.0,0.0,none,,0,0,0,0,0,0,0,0,0,0
direct_rich_gallery,IMG003741.jpg,btxrd-heuristic-001475,0,normal,1.0,classifier448:layercam,0.0,0.0,none,,0,0,0,0,0,0,0,0,0,0
direct_rich_gallery,IMG003742.jpg,btxrd-heuristic-001475,0,normal,1.0,classifier448:layercam,0.0,0.0,none,,0,0,0,0,0,0,0,0,0,0
direct_rich_gallery,IMG003743.jpg,btxrd-heuristic-001475,0,normal,1.0,layercam,0.0,0.0,none,,0,0,0,0,0,0,0,0,0,0
direct_rich_gallery,IMG003744.jpg,btxrd-heuristic-001475,0,normal,1.0,classifier448:layercam,0.0,0.0,none,,0,0,0,0,0,0,0,0,0,0
