image_id,group_id,size_group,candidate_dice,reference_dice,delta_dice,candidate_complete_miss,reference_complete_miss,miss_recovered,overlap_lost
IMG000001.jpeg,btxrd-heuristic-000001,medium,0.0,0.0,0.0,1,1,0,0
IMG000010.jpeg,btxrd-heuristic-000006,medium,0.6338302009073234,0.6338302009073234,0.0,0,0,0,0
IMG000017.jpeg,btxrd-heuristic-000009,medium,0.574890609222484,0.574890609222484,0.0,0,0,0,0
IMG000018.jpeg,btxrd-heuristic-000009,large,0.04822650902302427,0.04822650902302427,0.0,0,0,0,0
IMG000033.jpeg,btxrd-heuristic-000017,medium,0.5199362041467305,0.5199362041467305,0.0,0,0,0,0
IMG000034.jpeg,btxrd-heuristic-000017,medium,0.7264260768335273,0.7264260768335273,0.0,0,0,0,0
IMG000048.jpeg,btxrd-heuristic-000025,medium,0.0,0.0,0.0,1,1,0,0
IMG000049.jpeg,btxrd-heuristic-000025,medium,0.0,0.0,0.0,1,1,0,0
IMG000050.jpeg,btxrd-heuristic-000026,large,0.0,0.0,0.0,1,1,0,0
IMG000055.jpeg,btxrd-heuristic-000029,medium,0.44276147959183676,0.44276147959183676,0.0,0,0,0,0
IMG000056.jpeg,btxrd-heuristic-000029,medium,0.8270245815110843,0.8423481898168181,-0.015323608305733871,0,0,0,0
IMG000071.jpeg,btxrd-heuristic-000037,large,0.7622976338729763,0.7622976338729763,0.0,0,0,0,0
IMG000076.jpeg,btxrd-heuristic-000039,medium,0.1403107861060329,0.1403107861060329,0.0,0,0,0,0
IMG000125.jpeg,btxrd-heuristic-000063,medium,0.7925483812624344,0.7925483812624344,0.0,0,0,0,0
IMG000126.jpeg,btxrd-heuristic-000063,medium,0.5667836424837069,0.5667836424837069,0.0,0,0,0,0
IMG000137.jpeg,btxrd-heuristic-000069,medium,0.6178996952064284,0.6178996952064284,0.0,0,0,0,0
IMG000138.jpeg,btxrd-heuristic-000069,medium,0.6986255447536037,0.6986255447536037,0.0,0,0,0,0
IMG000144.jpeg,btxrd-heuristic-000073,medium,0.0,0.0,0.0,1,1,0,0
IMG000152.jpeg,btxrd-heuristic-000078,large,0.14957166010650613,0.14957166010650613,0.0,0,0,0,0
IMG000160.jpeg,btxrd-heuristic-000082,medium,0.0,0.0,0.0,1,1,0,0
IMG000161.jpeg,btxrd-heuristic-000082,medium,0.534817563388992,0.534817563388992,0.0,0,0,0,0
IMG000200.jpeg,btxrd-heuristic-000098,medium,0.6345981475948611,0.6345981475948611,0.0,0,0,0,0
IMG000201.jpeg,btxrd-heuristic-000098,medium,0.2556332556332556,0.2556332556332556,0.0,0,0,0,0
IMG000202.jpeg,btxrd-heuristic-000099,medium,0.8327375352775165,0.8327375352775165,0.0,0,0,0,0
IMG000222.jpeg,btxrd-heuristic-000109,medium,0.22426287547712562,0.22426287547712562,0.0,0,0,0,0
IMG000244.jpeg,btxrd-heuristic-000120,small,0.0,0.0,0.0,1,1,0,0
IMG000245.jpeg,btxrd-heuristic-000121,medium,0.6146515783204288,0.6146515783204288,0.0,0,0,0,0
IMG000260.jpeg,btxrd-heuristic-000128,small,0.0,0.0,0.0,1,1,0,0
IMG000275.jpeg,btxrd-heuristic-000137,small,0.04452054794520548,0.04452054794520548,0.0,0,0,0,0
IMG000279.jpeg,btxrd-heuristic-000140,small,0.001450536698578474,0.001450536698578474,0.0,0,0,0,0
IMG000285.jpeg,btxrd-heuristic-000145,small,0.0897049969897652,0.0897049969897652,0.0,0,0,0,0
IMG000292.jpeg,btxrd-heuristic-000150,small,0.0004009783872649264,0.0004009783872649264,0.0,0,0,0,0
IMG000300.jpeg,btxrd-heuristic-000156,small,0.1237785016286645,0.1237785016286645,0.0,0,0,0,0
IMG000306.jpeg,btxrd-heuristic-000160,small,0.18625174175568973,0.18625174175568973,0.0,0,0,0,0
IMG000320.jpeg,btxrd-heuristic-000167,small,0.0,0.0,0.0,1,1,0,0
IMG000327.jpeg,btxrd-heuristic-000172,small,0.0,0.0,0.0,1,1,0,0
IMG000328.jpeg,btxrd-heuristic-000173,small,0.848087431693989,0.848087431693989,0.0,0,0,0,0
IMG000337.jpeg,btxrd-heuristic-000180,small,0.0,0.0,0.0,1,1,0,0
IMG000338.jpeg,btxrd-heuristic-000181,small,0.0,0.0,0.0,1,1,0,0
IMG000340.jpeg,btxrd-heuristic-000183,small,0.0004550625711035267,0.0004550625711035267,0.0,0,0,0,0
IMG000372.jpeg,btxrd-heuristic-000203,small,0.0,0.0,0.0,1,1,0,0
IMG000378.jpeg,btxrd-heuristic-000208,small,0.015207373271889401,0.015207373271889401,0.0,0,0,0,0
IMG000408.jpeg,btxrd-heuristic-000223,small,0.0,0.0,0.0,1,1,0,0
IMG000414.jpeg,btxrd-heuristic-000228,small,0.0,0.0,0.0,1,1,0,0
IMG000415.jpeg,btxrd-heuristic-000229,medium,0.8172746042670337,0.8172746042670337,0.0,0,0,0,0
IMG000416.jpeg,btxrd-heuristic-000230,small,0.0012671751931821005,0.0012671751931821005,0.0,0,0,0,0
IMG000420.jpeg,btxrd-heuristic-000233,small,0.8934426229508197,0.8934426229508197,0.0,0,0,0,0
IMG000439.jpeg,btxrd-heuristic-000244,small,0.0019224887490715253,0.0019224887490715253,0.0,0,0,0,0
IMG000467.jpeg,btxrd-heuristic-000260,small,0.589384288747346,0.589384288747346,0.0,0,0,0,0
IMG000478.jpeg,btxrd-heuristic-000267,small,0.5906735751295337,0.5906735751295337,0.0,0,0,0,0
IMG000481.jpeg,btxrd-heuristic-000269,small,0.6430868167202572,0.6430868167202572,0.0,0,0,0,0
IMG000496.jpeg,btxrd-heuristic-000278,small,0.0,0.0,0.0,1,1,0,0
IMG000513.jpeg,btxrd-heuristic-000287,small,0.0,0.0,0.0,1,1,0,0
IMG000542.jpeg,btxrd-heuristic-000302,small,0.0,0.0,0.0,1,1,0,0
IMG000548.jpeg,btxrd-heuristic-000305,small,0.08072174738841406,0.08072174738841406,0.0,0,0,0,0
IMG000549.jpeg,btxrd-heuristic-000305,small,0.0,0.0,0.0,1,1,0,0
IMG000555.jpeg,btxrd-heuristic-000308,small,0.0,0.0,0.0,1,1,0,0
IMG000556.jpeg,btxrd-heuristic-000308,small,0.0,0.0,0.0,1,1,0,0
IMG000562.jpeg,btxrd-heuristic-000311,small,0.29395452024403773,0.29395452024403773,0.0,0,0,0,0
IMG000576.jpeg,btxrd-heuristic-000320,small,0.07791077257889009,0.07791077257889009,0.0,0,0,0,0
IMG000582.jpeg,btxrd-heuristic-000324,small,0.0,0.0,0.0,1,1,0,0
IMG000612.jpeg,btxrd-heuristic-000341,small,0.0,0.0,0.0,1,1,0,0
IMG000628.jpeg,btxrd-heuristic-000349,small,0.0018556597622749387,0.0018556597622749387,0.0,0,0,0,0
IMG000636.jpeg,btxrd-heuristic-000354,small,0.0,0.0,0.0,1,1,0,0
IMG000641.jpeg,btxrd-heuristic-000358,small,0.003453038674033149,0.003453038674033149,0.0,0,0,0,0
IMG000642.jpeg,btxrd-heuristic-000359,small,0.11757575757575757,0.11757575757575757,0.0,0,0,0,0
IMG000660.jpeg,btxrd-heuristic-000370,large,0.2524049473202016,0.2524049473202016,0.0,0,0,0,0
IMG000672.jpeg,btxrd-heuristic-000377,small,0.004914004914004914,0.004914004914004914,0.0,0,0,0,0
IMG000681.jpeg,btxrd-heuristic-000383,small,0.004782509678888636,0.004782509678888636,0.0,0,0,0,0
IMG000682.jpeg,btxrd-heuristic-000384,small,0.035803497085761866,0.035803497085761866,0.0,0,0,0,0
IMG000699.jpeg,btxrd-heuristic-000394,small,0.0009119927040583675,0.0009119927040583675,0.0,0,0,0,0
IMG000727.jpeg,btxrd-heuristic-000411,small,0.004424778761061947,0.004424778761061947,0.0,0,0,0,0
IMG000747.jpeg,btxrd-heuristic-000422,small,0.08308982340236311,0.08308982340236311,0.0,0,0,0,0
IMG000749.jpeg,btxrd-heuristic-000424,small,0.7845303867403315,0.7845303867403315,0.0,0,0,0,0
IMG000750.jpeg,btxrd-heuristic-000425,small,0.0,0.0,0.0,1,1,0,0
IMG000751.jpeg,btxrd-heuristic-000426,small,0.0046528274874731565,0.0046528274874731565,0.0,0,0,0,0
IMG000762.jpeg,btxrd-heuristic-000434,small,0.004751619870410367,0.004751619870410367,0.0,0,0,0,0
IMG000763.jpeg,btxrd-heuristic-000435,small,0.0208827717133365,0.0208827717133365,0.0,0,0,0,0
IMG000793.jpeg,btxrd-heuristic-000452,medium,0.0,0.0,0.0,1,1,0,0
IMG000794.jpeg,btxrd-heuristic-000452,medium,0.0,0.0,0.0,1,1,0,0
IMG000838.jpeg,btxrd-heuristic-000476,small,0.0,0.0,0.0,1,1,0,0
IMG000876.jpeg,btxrd-heuristic-000501,small,0.0,0.0,0.0,1,1,0,0
IMG000895.jpeg,btxrd-heuristic-000513,small,0.0,0.0,0.0,1,1,0,0
IMG000899.jpeg,btxrd-heuristic-000516,small,0.0,0.0,0.0,1,1,0,0
IMG000901.jpeg,btxrd-heuristic-000518,small,0.001636286284648362,0.001636286284648362,0.0,0,0,0,0
IMG000902.jpeg,btxrd-heuristic-000519,small,0.007974385307799191,0.007974385307799191,0.0,0,0,0,0
IMG000905.jpeg,btxrd-heuristic-000521,small,0.11430229184798375,0.11430229184798375,0.0,0,0,0,0
IMG000917.jpeg,btxrd-heuristic-000527,small,0.0,0.0,0.0,1,1,0,0
IMG000918.jpeg,btxrd-heuristic-000528,small,0.0,0.0,0.0,1,1,0,0
IMG000924.jpeg,btxrd-heuristic-000533,small,0.004478447471543199,0.004478447471543199,0.0,0,0,0,0
IMG000928.jpeg,btxrd-heuristic-000536,small,0.006629415664362155,0.006629415664362155,0.0,0,0,0,0
IMG000930.jpeg,btxrd-heuristic-000538,small,0.726027397260274,0.726027397260274,0.0,0,0,0,0
IMG000931.jpeg,btxrd-heuristic-000539,small,0.003095256519384044,0.003095256519384044,0.0,0,0,0,0
IMG000932.jpeg,btxrd-heuristic-000540,small,0.004900039200313603,0.004900039200313603,0.0,0,0,0,0
IMG000944.jpeg,btxrd-heuristic-000547,small,0.03215434083601286,0.03215434083601286,0.0,0,0,0,0
IMG000963.jpeg,btxrd-heuristic-000561,medium,0.6529807469264671,0.6529807469264671,0.0,0,0,0,0
IMG000969.jpeg,btxrd-heuristic-000566,large,0.3440850953877955,0.3440850953877955,0.0,0,0,0,0
IMG000971.jpeg,btxrd-heuristic-000568,small,0.0026122448979591837,0.0026122448979591837,0.0,0,0,0,0
IMG000993.jpeg,btxrd-heuristic-000581,small,0.703862660944206,0.703862660944206,0.0,0,0,0,0
IMG000996.jpeg,btxrd-heuristic-000583,small,0.0022213994816734544,0.0022213994816734544,0.0,0,0,0,0
IMG001006.jpeg,btxrd-heuristic-000591,small,0.06784260515603799,0.06784260515603799,0.0,0,0,0,0
IMG001007.jpeg,btxrd-heuristic-000592,medium,0.3987220447284345,0.3987220447284345,0.0,0,0,0,0
IMG001024.jpeg,btxrd-heuristic-000600,small,0.0021348767701686554,0.0021348767701686554,0.0,0,0,0,0
IMG001030.jpeg,btxrd-heuristic-000605,medium,0.6350262697022767,0.6350262697022767,0.0,0,0,0,0
IMG001056.jpeg,btxrd-heuristic-000620,small,0.0,0.0,0.0,1,1,0,0
IMG001059.jpeg,btxrd-heuristic-000622,small,0.00873998543335761,0.00873998543335761,0.0,0,0,0,0
IMG001060.jpeg,btxrd-heuristic-000623,small,0.48868778280542985,0.48868778280542985,0.0,0,0,0,0
IMG001092.jpeg,btxrd-heuristic-000639,large,0.43645569620253166,0.43645569620253166,0.0,0,0,0,0
IMG001094.jpeg,btxrd-heuristic-000641,medium,0.1076388888888889,0.1076388888888889,0.0,0,0,0,0
IMG001098.jpeg,btxrd-heuristic-000644,small,0.06906712663504384,0.06906712663504384,0.0,0,0,0,0
IMG001106.jpeg,btxrd-heuristic-000649,medium,0.027153160797624098,0.027153160797624098,0.0,0,0,0,0
IMG001136.jpeg,btxrd-heuristic-000669,small,0.044293015332197615,0.044293015332197615,0.0,0,0,0,0
IMG001140.jpeg,btxrd-heuristic-000672,small,0.12653061224489795,0.12653061224489795,0.0,0,0,0,0
IMG001141.jpeg,btxrd-heuristic-000673,small,0.0003740415186085656,0.0003740415186085656,0.0,0,0,0,0
IMG001174.jpeg,btxrd-heuristic-000693,medium,0.3646144650328751,0.3646144650328751,0.0,0,0,0,0
IMG001190.jpeg,btxrd-heuristic-000702,large,0.8753337440952967,0.8753337440952967,0.0,0,0,0,0
IMG001191.jpeg,btxrd-heuristic-000702,medium,0.0,0.0,0.0,1,1,0,0
IMG001202.jpeg,btxrd-heuristic-000707,small,0.025716819391073013,0.025716819391073013,0.0,0,0,0,0
IMG001206.jpeg,btxrd-heuristic-000710,small,0.0,0.0,0.0,1,1,0,0
IMG001215.jpeg,btxrd-heuristic-000715,large,0.8569905086914792,0.8569905086914792,0.0,0,0,0,0
IMG001216.jpeg,btxrd-heuristic-000715,large,0.8329161451814768,0.8329161451814768,0.0,0,0,0,0
IMG001219.jpeg,btxrd-heuristic-000717,small,0.016882653667815956,0.016882653667815956,0.0,0,0,0,0
IMG001231.jpeg,btxrd-heuristic-000724,small,0.022930943595150237,0.022930943595150237,0.0,0,0,0,0
IMG001235.jpeg,btxrd-heuristic-000727,medium,0.3224873463485177,0.3224873463485177,0.0,0,0,0,0
IMG001245.jpeg,btxrd-heuristic-000732,medium,0.12244897959183673,0.12244897959183673,0.0,0,0,0,0
IMG001248.jpeg,btxrd-heuristic-000735,small,0.03717472118959108,0.03717472118959108,0.0,0,0,0,0
IMG001251.jpeg,btxrd-heuristic-000738,small,0.0,0.0,0.0,1,1,0,0
IMG001259.jpeg,btxrd-heuristic-000745,small,0.0034847542003733664,0.0034847542003733664,0.0,0,0,0,0
IMG001272.jpeg,btxrd-heuristic-000753,small,0.0,0.0,0.0,1,1,0,0
IMG001280.jpeg,btxrd-heuristic-000760,medium,0.22262407072533655,0.22262407072533655,0.0,0,0,0,0
IMG001315.jpeg,btxrd-heuristic-000783,medium,0.8725529364762286,0.8725529364762286,0.0,0,0,0,0
IMG001352.jpeg,btxrd-heuristic-000808,medium,0.6456754130223518,0.6456754130223518,0.0,0,0,0,0
IMG001353.jpeg,btxrd-heuristic-000809,medium,0.7321842037561102,0.7321842037561102,0.0,0,0,0,0
IMG001371.jpeg,btxrd-heuristic-000821,medium,0.14937759336099585,0.14937759336099585,0.0,0,0,0,0
IMG001379.jpeg,btxrd-heuristic-000826,medium,0.03732056091584878,0.03732056091584878,0.0,0,0,0,0
IMG001391.jpeg,btxrd-heuristic-000833,large,0.15465625369778724,0.15465625369778724,0.0,0,0,0,0
IMG001394.jpeg,btxrd-heuristic-000836,small,0.22690058479532163,0.22690058479532163,0.0,0,0,0,0
IMG001402.jpeg,btxrd-heuristic-000840,medium,0.0,0.0,0.0,1,1,0,0
IMG001405.jpeg,btxrd-heuristic-000842,medium,0.551994301994302,0.551994301994302,0.0,0,0,0,0
IMG001448.jpeg,btxrd-heuristic-000868,small,0.7441497659906396,0.7441497659906396,0.0,0,0,0,0
IMG001453.jpeg,btxrd-heuristic-000871,medium,0.3470964050729475,0.3470964050729475,0.0,0,0,0,0
IMG001454.jpeg,btxrd-heuristic-000872,medium,0.410680228862047,0.410680228862047,0.0,0,0,0,0
IMG001455.jpeg,btxrd-heuristic-000873,medium,0.5951790145338532,0.5951790145338532,0.0,0,0,0,0
IMG001468.jpeg,btxrd-heuristic-000880,medium,0.7177454865697931,0.7177454865697931,0.0,0,0,0,0
IMG001473.jpeg,btxrd-heuristic-000883,medium,0.12142104759168822,0.12142104759168822,0.0,0,0,0,0
IMG001476.jpeg,btxrd-heuristic-000885,small,0.0,0.0,0.0,1,1,0,0
IMG001483.jpeg,btxrd-heuristic-000889,medium,0.5205643950765536,0.5205643950765536,0.0,0,0,0,0
IMG001490.jpeg,btxrd-heuristic-000893,medium,0.5927209705372617,0.5927209705372617,0.0,0,0,0,0
IMG001491.jpeg,btxrd-heuristic-000893,medium,0.6993256644188814,0.6993256644188814,0.0,0,0,0,0
IMG001517.jpeg,btxrd-heuristic-000907,large,0.04059301094246382,0.04059301094246382,0.0,0,0,0,0
IMG001538.jpeg,btxrd-heuristic-000916,medium,0.5380007779074291,0.5380007779074291,0.0,0,0,0,0
IMG001539.jpeg,btxrd-heuristic-000916,medium,0.46807477543092985,0.46807477543092985,0.0,0,0,0,0
IMG001551.jpeg,btxrd-heuristic-000922,large,0.8217702981263268,0.8217702981263268,0.0,0,0,0,0
IMG001563.jpeg,btxrd-heuristic-000930,large,0.3624723211706941,0.3624723211706941,0.0,0,0,0,0
IMG001580.jpeg,btxrd-heuristic-000940,large,0.7070752591257323,0.7070752591257323,0.0,0,0,0,0
IMG001581.jpeg,btxrd-heuristic-000940,medium,0.5629546726357023,0.5629546726357023,0.0,0,0,0,0
IMG001601.jpeg,btxrd-heuristic-000951,medium,0.8143100511073254,0.8143100511073254,0.0,0,0,0,0
IMG001606.jpeg,btxrd-heuristic-000955,medium,0.5112377537299098,0.5112377537299098,0.0,0,0,0,0
IMG001607.jpeg,btxrd-heuristic-000956,small,0.9343683839096684,0.9343683839096684,0.0,0,0,0,0
IMG001612.jpeg,btxrd-heuristic-000959,medium,0.841317970487164,0.841317970487164,0.0,0,0,0,0
IMG001617.jpeg,btxrd-heuristic-000962,medium,0.807679122386013,0.807679122386013,0.0,0,0,0,0
IMG001632.jpeg,btxrd-heuristic-000972,medium,0.07455937990218695,0.07455937990218695,0.0,0,0,0,0
IMG001638.jpeg,btxrd-heuristic-000978,medium,0.0,0.0,0.0,1,1,0,0
IMG001642.jpeg,btxrd-heuristic-000981,large,0.030316422131872016,0.030316422131872016,0.0,0,0,0,0
IMG001643.jpeg,btxrd-heuristic-000982,medium,0.0,0.0,0.0,1,1,0,0
IMG001661.jpeg,btxrd-heuristic-000993,medium,0.0,0.0,0.0,1,1,0,0
IMG001666.jpeg,btxrd-heuristic-000997,medium,0.07880676758682101,0.07880676758682101,0.0,0,0,0,0
IMG001716.jpeg,btxrd-heuristic-001029,medium,0.0,0.0,0.0,1,1,0,0
IMG001719.jpeg,btxrd-heuristic-001031,small,0.0,0.0,0.0,1,1,0,0
IMG001723.jpeg,btxrd-heuristic-001033,medium,0.0,0.0,0.0,1,1,0,0
IMG001744.jpeg,btxrd-heuristic-001047,medium,0.0,0.0,0.0,1,1,0,0
IMG001759.jpeg,btxrd-heuristic-001056,small,0.0,0.0,0.0,1,1,0,0
IMG001760.jpeg,btxrd-heuristic-001057,medium,0.0,0.0,0.0,1,1,0,0
IMG001761.jpeg,btxrd-heuristic-001057,medium,0.24605577689243027,0.24605577689243027,0.0,0,0,0,0
IMG001781.jpeg,btxrd-heuristic-001069,small,0.0,0.0,0.0,1,1,0,0
IMG001782.jpeg,btxrd-heuristic-001070,medium,0.0,0.0,0.0,1,1,0,0
IMG001785.jpeg,btxrd-heuristic-001073,medium,0.0,0.0,0.0,1,1,0,0
IMG001786.jpeg,btxrd-heuristic-001074,small,0.0,0.0,0.0,1,1,0,0
IMG001791.jpeg,btxrd-heuristic-001077,medium,0.0,0.0,0.0,1,1,0,0
IMG001795.jpeg,btxrd-heuristic-001080,large,0.48586341887777296,0.48586341887777296,0.0,0,0,0,0
IMG001798.jpeg,btxrd-heuristic-001083,small,0.0,0.0,0.0,1,1,0,0
IMG001828.jpeg,btxrd-heuristic-001104,medium,0.5198119543317663,0.5198119543317663,0.0,0,0,0,0
IMG001858.jpeg,btxrd-heuristic-001118,medium,0.0,0.0,0.0,1,1,0,0
IMG001867.jpeg,btxrd-heuristic-001123,large,0.0,0.0,0.0,1,1,0,0
